case_id,case_kind,parent_id,operator,report_class,expected_decision,evaluator_name,decision,correct,dim_claim_evidence_consistency,dim_evidence_completeness,dim_impact_calibration,dim_reproducibility,dim_scope_consistency,confidence
canonical-authz-001,canonical,,,valid,accept,rules-baseline,accept,1,1.0,1.0,1.0,1.0,1.0,0.852
canonical-authz2-014,canonical,,,valid,accept,rules-baseline,accept,1,1.0,1.0,1.0,1.0,1.0,0.852
canonical-cachehdr-024,canonical,,,review,needs_manual_review,rules-baseline,needs_manual_review,1,1.0,1.0,1.0,1.0,1.0,0.5
canonical-cachepois-027,canonical,,,review,needs_manual_review,rules-baseline,needs_manual_review,1,1.0,1.0,1.0,1.0,1.0,0.5
canonical-corswild-025,canonical,,,invalid,reject,rules-baseline,reject,1,1.0,1.0,1.0,0.772,1.0,0.6
canonical-crypto-011,canonical,,,review,needs_manual_review,rules-baseline,needs_manual_review,1,1.0,1.0,1.0,1.0,1.0,0.5
canonical-cspnonc-021,canonical,,,review,needs_manual_review,rules-baseline,needs_manual_review,1,1.0,1.0,1.0,1.0,1.0,0.5
canonical-csvinj-017,canonical,,,valid,accept,rules-baseline,accept,1,1.0,1.0,1.0,1.0,1.0,0.852
canonical-deserial-030,canonical,,,review,needs_manual_review,rules-baseline,needs_manual_review,1,1.0,1.0,1.0,1.0,1.0,0.5
canonical-dup-007,canonical,,,invalid,reject,rules-baseline,reject,1,1.0,1.0,1.0,1.0,1.0,0.6
canonical-filetype-023,canonical,,,review,needs_manual_review,rules-baseline,needs_manual_review,1,1.0,1.0,1.0,1.0,1.0,0.5
canonical-ghauthz-015,canonical,,,valid,accept,rules-baseline,accept,1,1.0,1.0,1.0,1.0,1.0,0.852
canonical-graphql-028,canonical,,,review,needs_manual_review,rules-baseline,reject,0,1.0,1.0,1.0,0.772,1.0,0.6
canonical-headermiss-020,canonical,,,invalid,reject,rules-baseline,reject,1,1.0,1.0,1.0,0.772,1.0,0.6
canonical-idor-004,canonical,,,valid,accept,rules-baseline,accept,1,1.0,1.0,1.0,1.0,1.0,0.852
canonical-info-006,canonical,,,invalid,reject,rules-baseline,reject,1,1.0,1.0,1.0,1.0,1.0,0.6
canonical-infodisc-016,canonical,,,valid,accept,rules-baseline,needs_manual_review,0,1.0,1.0,1.0,0.772,1.0,0.45
canonical-jwtalg-026,canonical,,,review,needs_manual_review,rules-baseline,needs_manual_review,1,1.0,1.0,1.0,1.0,1.0,0.5
canonical-loginject-031,canonical,,,review,needs_manual_review,rules-baseline,needs_manual_review,1,1.0,1.0,1.0,1.0,1.0,0.5
canonical-massign-014,canonical,,,valid,accept,rules-baseline,accept,1,1.0,1.0,1.0,1.0,1.0,0.852
canonical-norepro-009,canonical,,,invalid,reject,rules-baseline,reject,1,0.0,1.0,1.0,1.0,1.0,0.825
canonical-oauthstate-029,canonical,,,review,needs_manual_review,rules-baseline,needs_manual_review,1,1.0,1.0,1.0,1.0,1.0,0.5
canonical-oob-008,canonical,,,invalid,reject,rules-baseline,reject,1,1.0,1.0,1.0,1.0,1.0,0.6
canonical-openred-015,canonical,,,valid,accept,rules-baseline,accept,1,1.0,1.0,1.0,1.0,1.0,0.852
canonical-pair1a-cookie,canonical,,,invalid,reject,rules-baseline,reject,1,1.0,1.0,1.0,0.772,1.0,0.6
canonical-pair1b-cookie,canonical,,,invalid,reject,rules-baseline,reject,1,1.0,1.0,1.0,1.0,1.0,0.6
canonical-pair2a-dirlist,canonical,,,invalid,reject,rules-baseline,needs_manual_review,0,1.0,1.0,1.0,0.772,1.0,0.45
canonical-pair2b-dirlist,canonical,,,invalid,reject,rules-baseline,reject,1,1.0,1.0,1.0,1.0,1.0,0.6
canonical-pair3a-comment,canonical,,,invalid,reject,rules-baseline,accept,0,1.0,1.0,1.0,1.0,1.0,0.852
canonical-pair3b-comment,canonical,,,invalid,reject,rules-baseline,reject,1,1.0,1.0,1.0,1.0,1.0,0.6
canonical-pair4a-passpol,canonical,,,invalid,reject,rules-baseline,accept,0,1.0,1.0,1.0,1.0,1.0,0.852
canonical-pair4b-passpol,canonical,,,invalid,reject,rules-baseline,reject,1,1.0,1.0,1.0,1.0,1.0,0.6
canonical-pair5a-health,canonical,,,invalid,reject,rules-baseline,needs_manual_review,0,1.0,1.0,1.0,0.772,1.0,0.45
canonical-pair5b-health,canonical,,,invalid,reject,rules-baseline,reject,1,1.0,1.0,1.0,1.0,1.0,0.6
canonical-pair6a-logout,canonical,,,invalid,reject,rules-baseline,accept,0,1.0,1.0,1.0,1.0,1.0,0.852
canonical-pair6b-logout,canonical,,,invalid,reject,rules-baseline,reject,1,1.0,1.0,1.0,1.0,1.0,0.6
canonical-pair7a-404,canonical,,,invalid,reject,rules-baseline,needs_manual_review,0,1.0,1.0,1.0,0.772,1.0,0.45
canonical-pair7b-404,canonical,,,invalid,reject,rules-baseline,reject,1,1.0,1.0,1.0,1.0,1.0,0.6
canonical-pair8a-session,canonical,,,invalid,reject,rules-baseline,accept,0,1.0,1.0,1.0,1.0,1.0,0.852
canonical-pair8b-session,canonical,,,invalid,reject,rules-baseline,reject,1,1.0,1.0,1.0,1.0,1.0,0.6
canonical-pathtrav-017,canonical,,,valid,accept,rules-baseline,accept,1,1.0,1.0,1.0,1.0,1.0,0.852
canonical-perm-012,canonical,,,review,needs_manual_review,rules-baseline,needs_manual_review,1,1.0,1.0,1.0,1.0,1.0,0.5
canonical-permdiff-020,canonical,,,review,needs_manual_review,rules-baseline,needs_manual_review,1,1.0,1.0,1.0,1.0,1.0,0.5
canonical-racecond-018,canonical,,,valid,accept,rules-baseline,accept,1,1.0,1.0,1.0,1.0,1.0,0.852
canonical-ratelimit-010,canonical,,,review,needs_manual_review,rules-baseline,needs_manual_review,1,1.0,1.0,1.0,1.0,1.0,0.5
canonical-ratelimit2-032,canonical,,,review,needs_manual_review,rules-baseline,needs_manual_review,1,1.0,1.0,1.0,1.0,1.0,0.5
canonical-robots-022,canonical,,,invalid,reject,rules-baseline,reject,1,1.0,1.0,1.0,1.0,1.0,0.6
canonical-saml-019,canonical,,,valid,accept,rules-baseline,accept,1,1.0,1.0,1.0,1.0,1.0,0.852
canonical-selfreg-023,canonical,,,invalid,reject,rules-baseline,accept,0,1.0,1.0,1.0,1.0,1.0,0.852
canonical-sqlx-002,canonical,,,valid,accept,rules-baseline,accept,1,1.0,1.0,1.0,1.0,1.0,0.852
canonical-ssrf-005,canonical,,,valid,accept,rules-baseline,accept,1,1.0,1.0,1.0,1.0,1.0,0.852
canonical-tokenurl-013,canonical,,,valid,accept,rules-baseline,accept,1,1.0,1.0,1.0,1.0,1.0,0.852
canonical-totiming-019,canonical,,,review,needs_manual_review,rules-baseline,reject,0,1.0,1.0,1.0,1.0,1.0,0.6
canonical-verb-021,canonical,,,invalid,reject,rules-baseline,reject,1,1.0,1.0,1.0,0.772,1.0,0.6
canonical-versiondisc-024,canonical,,,invalid,reject,rules-baseline,reject,1,1.0,1.0,1.0,0.772,1.0,0.6
canonical-websig-018,canonical,,,valid,accept,rules-baseline,accept,1,1.0,1.0,1.0,1.0,1.0,0.852
canonical-wstoken-022,canonical,,,review,needs_manual_review,rules-baseline,reject,0,1.0,1.0,1.0,1.0,1.0,0.6
canonical-xsrf-003,canonical,,,valid,accept,rules-baseline,accept,1,1.0,1.0,1.0,1.0,1.0,0.852
canonical-xssref-016,canonical,,,valid,accept,rules-baseline,accept,1,1.0,1.0,1.0,1.0,1.0,0.852
canonical-xsssto-013,canonical,,,valid,accept,rules-baseline,accept,1,1.0,1.0,1.0,1.0,1.0,0.852
mut-authz-001-confidence-overstatement-07,mutated,canonical-authz-001,confidence_overstatement,valid,accept,rules-baseline,accept,1,1.0,1.0,1.0,1.0,1.0,0.852
mut-authz-001-fabricate-reference-08,mutated,canonical-authz-001,fabricate_reference,valid,needs_manual_review,rules-baseline,needs_manual_review,1,1.0,0.9,1.0,1.0,1.0,0.45
mut-authz-001-impact-inflation-03,mutated,canonical-authz-001,impact_inflation,valid,needs_manual_review,rules-baseline,needs_manual_review,1,1.0,1.0,0.55,1.0,1.0,0.45
mut-authz-001-invent-api-identifier-05,mutated,canonical-authz-001,invent_api_identifier,valid,needs_manual_review,rules-baseline,reject,0,0.1,0.78,1.0,1.0,1.0,0.775
mut-authz-001-professionalize-language-06,mutated,canonical-authz-001,professionalize_language,valid,accept,rules-baseline,accept,1,1.0,1.0,1.0,1.0,1.0,0.852
mut-authz-001-remove-affected-version-02,mutated,canonical-authz-001,remove_affected_version,valid,accept,rules-baseline,accept,1,1.0,0.9,1.0,0.95,0.75,0.724
mut-authz-001-remove-reproduction-step-01,mutated,canonical-authz-001,remove_reproduction_step,valid,needs_manual_review,rules-baseline,accept,0,1.0,1.0,1.0,1.0,1.0,0.852
mut-authz-001-scope-expansion-04,mutated,canonical-authz-001,scope_expansion,valid,needs_manual_review,rules-baseline,needs_manual_review,1,1.0,1.0,1.0,1.0,0.6,0.45
mut-authz2-014-confidence-overstatement-06,mutated,canonical-authz2-014,confidence_overstatement,valid,accept,rules-baseline,accept,1,1.0,1.0,1.0,1.0,1.0,0.852
mut-authz2-014-fabricate-reference-07,mutated,canonical-authz2-014,fabricate_reference,valid,needs_manual_review,rules-baseline,needs_manual_review,1,1.0,0.9,1.0,1.0,1.0,0.45
mut-authz2-014-impact-inflation-02,mutated,canonical-authz2-014,impact_inflation,valid,needs_manual_review,rules-baseline,needs_manual_review,1,1.0,1.0,0.55,1.0,1.0,0.45
mut-authz2-014-invent-api-identifier-04,mutated,canonical-authz2-014,invent_api_identifier,valid,needs_manual_review,rules-baseline,needs_manual_review,1,0.55,0.83,1.0,1.0,1.0,0.45
mut-authz2-014-misattribute-cve-08,mutated,canonical-authz2-014,misattribute_cve,valid,needs_manual_review,rules-baseline,needs_manual_review,1,0.7,1.0,1.0,1.0,1.0,0.45
mut-authz2-014-professionalize-language-05,mutated,canonical-authz2-014,professionalize_language,valid,accept,rules-baseline,accept,1,1.0,1.0,1.0,1.0,1.0,0.852
mut-authz2-014-remove-affected-version-01,mutated,canonical-authz2-014,remove_affected_version,valid,accept,rules-baseline,accept,1,1.0,0.9,1.0,0.95,0.75,0.724
mut-authz2-014-scope-expansion-03,mutated,canonical-authz2-014,scope_expansion,valid,needs_manual_review,rules-baseline,needs_manual_review,1,1.0,1.0,1.0,1.0,0.6,0.45
mut-cachehdr-024-add-irrelevant-detail-05,mutated,canonical-cachehdr-024,add_irrelevant_detail,review,needs_manual_review,rules-baseline,needs_manual_review,1,1.0,1.0,1.0,1.0,1.0,0.5
mut-cachehdr-024-confidence-overstatement-03,mutated,canonical-cachehdr-024,confidence_overstatement,review,needs_manual_review,rules-baseline,needs_manual_review,1,1.0,1.0,1.0,1.0,1.0,0.5
mut-cachehdr-024-professionalize-language-04,mutated,canonical-cachehdr-024,professionalize_language,review,needs_manual_review,rules-baseline,needs_manual_review,1,1.0,1.0,1.0,1.0,1.0,0.5
mut-cachehdr-024-remove-affected-version-02,mutated,canonical-cachehdr-024,remove_affected_version,review,needs_manual_review,rules-baseline,needs_manual_review,1,1.0,0.9,1.0,0.95,0.75,0.5
mut-cachehdr-024-remove-reproduction-step-01,mutated,canonical-cachehdr-024,remove_reproduction_step,review,needs_manual_review,rules-baseline,needs_manual_review,1,1.0,1.0,1.0,1.0,1.0,0.5
mut-cachepois-027-add-irrelevant-detail-04,mutated,canonical-cachepois-027,add_irrelevant_detail,review,needs_manual_review,rules-baseline,needs_manual_review,1,1.0,1.0,1.0,1.0,1.0,0.5
mut-cachepois-027-confidence-overstatement-02,mutated,canonical-cachepois-027,confidence_overstatement,review,needs_manual_review,rules-baseline,needs_manual_review,1,1.0,1.0,1.0,1.0,1.0,0.5
mut-cachepois-027-professionalize-language-03,mutated,canonical-cachepois-027,professionalize_language,review,needs_manual_review,rules-baseline,needs_manual_review,1,1.0,1.0,1.0,1.0,1.0,0.5
mut-cachepois-027-remove-affected-version-01,mutated,canonical-cachepois-027,remove_affected_version,review,needs_manual_review,rules-baseline,needs_manual_review,1,1.0,0.9,1.0,0.95,0.75,0.5
mut-cachepois-027-remove-reproduction-step-05,mutated,canonical-cachepois-027,remove_reproduction_step,review,needs_manual_review,rules-baseline,needs_manual_review,1,1.0,1.0,1.0,0.772,1.0,0.5
mut-corswild-025-add-irrelevant-detail-03,mutated,canonical-corswild-025,add_irrelevant_detail,invalid,reject,rules-baseline,reject,1,1.0,1.0,1.0,0.772,1.0,0.6
mut-corswild-025-confidence-overstatement-02,mutated,canonical-corswild-025,confidence_overstatement,invalid,reject,rules-baseline,reject,1,1.0,1.0,1.0,0.772,1.0,0.6
mut-corswild-025-professionalize-language-01,mutated,canonical-corswild-025,professionalize_language,invalid,reject,rules-baseline,reject,1,1.0,1.0,1.0,0.772,1.0,0.6
mut-corswild-025-scope-expansion-04,mutated,canonical-corswild-025,scope_expansion,invalid,reject,rules-baseline,reject,1,1.0,1.0,1.0,0.772,0.6,0.6
mut-crypto-011-add-irrelevant-detail-03,mutated,canonical-crypto-011,add_irrelevant_detail,review,needs_manual_review,rules-baseline,needs_manual_review,1,1.0,1.0,1.0,1.0,1.0,0.5
mut-crypto-011-confidence-overstatement-01,mutated,canonical-crypto-011,confidence_overstatement,review,needs_manual_review,rules-baseline,needs_manual_review,1,1.0,1.0,1.0,1.0,1.0,0.5
mut-crypto-011-professionalize-language-02,mutated,canonical-crypto-011,professionalize_language,review,needs_manual_review,rules-baseline,needs_manual_review,1,1.0,1.0,1.0,1.0,1.0,0.5
mut-crypto-011-remove-affected-version-05,mutated,canonical-crypto-011,remove_affected_version,review,needs_manual_review,rules-baseline,needs_manual_review,1,1.0,0.9,1.0,0.95,0.75,0.5
mut-crypto-011-remove-reproduction-step-04,mutated,canonical-crypto-011,remove_reproduction_step,review,needs_manual_review,rules-baseline,needs_manual_review,1,1.0,1.0,1.0,0.772,1.0,0.5
mut-cspnonc-021-add-irrelevant-detail-02,mutated,canonical-cspnonc-021,add_irrelevant_detail,review,needs_manual_review,rules-baseline,needs_manual_review,1,1.0,1.0,1.0,1.0,1.0,0.5
mut-cspnonc-021-confidence-overstatement-05,mutated,canonical-cspnonc-021,confidence_overstatement,review,needs_manual_review,rules-baseline,needs_manual_review,1,1.0,1.0,1.0,1.0,1.0,0.5
mut-cspnonc-021-professionalize-language-01,mutated,canonical-cspnonc-021,professionalize_language,review,needs_manual_review,rules-baseline,needs_manual_review,1,1.0,1.0,1.0,1.0,1.0,0.5
mut-cspnonc-021-remove-affected-version-04,mutated,canonical-cspnonc-021,remove_affected_version,review,needs_manual_review,rules-baseline,needs_manual_review,1,1.0,0.9,1.0,0.95,0.75,0.5
mut-cspnonc-021-remove-reproduction-step-03,mutated,canonical-cspnonc-021,remove_reproduction_step,review,needs_manual_review,rules-baseline,needs_manual_review,1,1.0,1.0,1.0,0.772,1.0,0.5
mut-csvinj-017-confidence-overstatement-05,mutated,canonical-csvinj-017,confidence_overstatement,valid,accept,rules-baseline,accept,1,1.0,1.0,1.0,1.0,1.0,0.852
mut-csvinj-017-fabricate-reference-06,mutated,canonical-csvinj-017,fabricate_reference,valid,needs_manual_review,rules-baseline,needs_manual_review,1,1.0,0.9,1.0,1.0,1.0,0.45
mut-csvinj-017-impact-inflation-01,mutated,canonical-csvinj-017,impact_inflation,valid,needs_manual_review,rules-baseline,needs_manual_review,1,1.0,1.0,0.55,1.0,1.0,0.45
mut-csvinj-017-impossible-precondition-08,mutated,canonical-csvinj-017,impossible_precondition,valid,reject,rules-baseline,accept,0,1.0,1.0,1.0,1.0,1.0,0.852
mut-csvinj-017-invent-api-identifier-03,mutated,canonical-csvinj-017,invent_api_identifier,valid,needs_manual_review,rules-baseline,needs_manual_review,1,0.55,0.83,1.0,1.0,1.0,0.45
mut-csvinj-017-misattribute-cve-07,mutated,canonical-csvinj-017,misattribute_cve,valid,needs_manual_review,rules-baseline,reject,0,0.4,1.0,1.0,1.0,1.0,0.625
mut-csvinj-017-professionalize-language-04,mutated,canonical-csvinj-017,professionalize_language,valid,accept,rules-baseline,accept,1,1.0,1.0,1.0,1.0,1.0,0.852
mut-csvinj-017-scope-expansion-02,mutated,canonical-csvinj-017,scope_expansion,valid,needs_manual_review,rules-baseline,needs_manual_review,1,1.0,1.0,1.0,1.0,0.6,0.45
mut-deserial-030-add-irrelevant-detail-01,mutated,canonical-deserial-030,add_irrelevant_detail,review,needs_manual_review,rules-baseline,needs_manual_review,1,1.0,1.0,1.0,1.0,1.0,0.5
mut-deserial-030-confidence-overstatement-04,mutated,canonical-deserial-030,confidence_overstatement,review,needs_manual_review,rules-baseline,needs_manual_review,1,1.0,1.0,1.0,1.0,1.0,0.5
mut-deserial-030-professionalize-language-05,mutated,canonical-deserial-030,professionalize_language,review,needs_manual_review,rules-baseline,needs_manual_review,1,1.0,1.0,1.0,1.0,1.0,0.5
mut-deserial-030-remove-affected-version-03,mutated,canonical-deserial-030,remove_affected_version,review,needs_manual_review,rules-baseline,needs_manual_review,1,1.0,0.9,1.0,0.95,0.75,0.5
mut-deserial-030-remove-reproduction-step-02,mutated,canonical-deserial-030,remove_reproduction_step,review,needs_manual_review,rules-baseline,needs_manual_review,1,1.0,1.0,1.0,0.772,1.0,0.5
mut-dup-007-add-irrelevant-detail-02,mutated,canonical-dup-007,add_irrelevant_detail,invalid,reject,rules-baseline,reject,1,1.0,1.0,1.0,1.0,1.0,0.6
mut-dup-007-confidence-overstatement-01,mutated,canonical-dup-007,confidence_overstatement,invalid,reject,rules-baseline,reject,1,1.0,1.0,1.0,1.0,1.0,0.6
mut-dup-007-professionalize-language-04,mutated,canonical-dup-007,professionalize_language,invalid,reject,rules-baseline,reject,1,1.0,1.0,1.0,1.0,1.0,0.6
mut-dup-007-scope-expansion-03,mutated,canonical-dup-007,scope_expansion,invalid,reject,rules-baseline,reject,1,1.0,1.0,1.0,1.0,0.6,0.6
mut-filetype-023-add-irrelevant-detail-05,mutated,canonical-filetype-023,add_irrelevant_detail,review,needs_manual_review,rules-baseline,needs_manual_review,1,1.0,1.0,1.0,1.0,1.0,0.5
mut-filetype-023-confidence-overstatement-03,mutated,canonical-filetype-023,confidence_overstatement,review,needs_manual_review,rules-baseline,needs_manual_review,1,1.0,1.0,1.0,1.0,1.0,0.5
mut-filetype-023-professionalize-language-04,mutated,canonical-filetype-023,professionalize_language,review,needs_manual_review,rules-baseline,needs_manual_review,1,1.0,1.0,1.0,1.0,1.0,0.5
mut-filetype-023-remove-affected-version-02,mutated,canonical-filetype-023,remove_affected_version,review,needs_manual_review,rules-baseline,needs_manual_review,1,1.0,0.9,1.0,0.95,0.75,0.5
mut-filetype-023-remove-reproduction-step-01,mutated,canonical-filetype-023,remove_reproduction_step,review,needs_manual_review,rules-baseline,needs_manual_review,1,1.0,1.0,1.0,1.0,1.0,0.5
mut-ghauthz-015-confidence-overstatement-04,mutated,canonical-ghauthz-015,confidence_overstatement,valid,accept,rules-baseline,accept,1,1.0,1.0,1.0,1.0,1.0,0.852
mut-ghauthz-015-contradict-observed-result-08,mutated,canonical-ghauthz-015,contradict_observed_result,valid,reject,rules-baseline,reject,1,0.0,1.0,1.0,1.0,1.0,0.825
mut-ghauthz-015-fabricate-reference-05,mutated,canonical-ghauthz-015,fabricate_reference,valid,needs_manual_review,rules-baseline,needs_manual_review,1,1.0,0.9,1.0,1.0,1.0,0.45
mut-ghauthz-015-impossible-precondition-07,mutated,canonical-ghauthz-015,impossible_precondition,valid,reject,rules-baseline,accept,0,1.0,1.0,1.0,1.0,1.0,0.852
mut-ghauthz-015-invent-api-identifier-02,mutated,canonical-ghauthz-015,invent_api_identifier,valid,needs_manual_review,rules-baseline,needs_manual_review,1,0.55,0.83,1.0,1.0,1.0,0.45
mut-ghauthz-015-misattribute-cve-06,mutated,canonical-ghauthz-015,misattribute_cve,valid,needs_manual_review,rules-baseline,needs_manual_review,1,0.7,1.0,1.0,1.0,1.0,0.45
mut-ghauthz-015-professionalize-language-03,mutated,canonical-ghauthz-015,professionalize_language,valid,accept,rules-baseline,accept,1,1.0,1.0,1.0,1.0,1.0,0.852
mut-ghauthz-015-scope-expansion-01,mutated,canonical-ghauthz-015,scope_expansion,valid,needs_manual_review,rules-baseline,needs_manual_review,1,1.0,1.0,1.0,1.0,0.6,0.45
mut-graphql-028-add-irrelevant-detail-04,mutated,canonical-graphql-028,add_irrelevant_detail,review,needs_manual_review,rules-baseline,reject,0,1.0,1.0,1.0,0.772,1.0,0.6
mut-graphql-028-confidence-overstatement-02,mutated,canonical-graphql-028,confidence_overstatement,review,needs_manual_review,rules-baseline,reject,0,1.0,1.0,1.0,0.772,1.0,0.6
mut-graphql-028-professionalize-language-03,mutated,canonical-graphql-028,professionalize_language,review,needs_manual_review,rules-baseline,reject,0,1.0,1.0,1.0,0.772,1.0,0.6
mut-graphql-028-remove-affected-version-01,mutated,canonical-graphql-028,remove_affected_version,review,needs_manual_review,rules-baseline,reject,0,1.0,0.9,1.0,0.723,0.75,0.6
mut-graphql-028-remove-reproduction-step-05,mutated,canonical-graphql-028,remove_reproduction_step,review,needs_manual_review,rules-baseline,reject,0,1.0,1.0,1.0,0.577,1.0,0.6
mut-headermiss-020-add-irrelevant-detail-01,mutated,canonical-headermiss-020,add_irrelevant_detail,invalid,reject,rules-baseline,reject,1,1.0,1.0,1.0,0.772,1.0,0.6
mut-headermiss-020-confidence-overstatement-04,mutated,canonical-headermiss-020,confidence_overstatement,invalid,reject,rules-baseline,reject,1,1.0,1.0,1.0,0.772,1.0,0.6
mut-headermiss-020-professionalize-language-03,mutated,canonical-headermiss-020,professionalize_language,invalid,reject,rules-baseline,reject,1,1.0,1.0,1.0,0.772,1.0,0.6
mut-headermiss-020-scope-expansion-02,mutated,canonical-headermiss-020,scope_expansion,invalid,reject,rules-baseline,reject,1,1.0,1.0,1.0,0.772,0.6,0.6
mut-idor-004-add-irrelevant-detail-08,mutated,canonical-idor-004,add_irrelevant_detail,valid,accept,rules-baseline,accept,1,1.0,1.0,1.0,1.0,1.0,0.852
mut-idor-004-confidence-overstatement-03,mutated,canonical-idor-004,confidence_overstatement,valid,accept,rules-baseline,accept,1,1.0,1.0,1.0,1.0,1.0,0.852
mut-idor-004-contradict-observed-result-07,mutated,canonical-idor-004,contradict_observed_result,valid,reject,rules-baseline,reject,1,0.45,1.0,1.0,1.0,1.0,0.6
mut-idor-004-fabricate-reference-04,mutated,canonical-idor-004,fabricate_reference,valid,needs_manual_review,rules-baseline,needs_manual_review,1,1.0,0.9,1.0,1.0,1.0,0.45
mut-idor-004-impossible-precondition-06,mutated,canonical-idor-004,impossible_precondition,valid,reject,rules-baseline,accept,0,1.0,1.0,1.0,1.0,1.0,0.852
mut-idor-004-invent-api-identifier-01,mutated,canonical-idor-004,invent_api_identifier,valid,needs_manual_review,rules-baseline,reject,0,0.1,0.78,1.0,1.0,1.0,0.775
mut-idor-004-misattribute-cve-05,mutated,canonical-idor-004,misattribute_cve,valid,needs_manual_review,rules-baseline,needs_manual_review,1,0.7,1.0,1.0,1.0,1.0,0.45
mut-idor-004-professionalize-language-02,mutated,canonical-idor-004,professionalize_language,valid,accept,rules-baseline,accept,1,1.0,1.0,1.0,1.0,1.0,0.852
mut-info-006-add-irrelevant-detail-04,mutated,canonical-info-006,add_irrelevant_detail,invalid,reject,rules-baseline,reject,1,1.0,1.0,1.0,1.0,1.0,0.6
mut-info-006-confidence-overstatement-03,mutated,canonical-info-006,confidence_overstatement,invalid,reject,rules-baseline,reject,1,1.0,1.0,1.0,1.0,1.0,0.6
mut-info-006-professionalize-language-02,mutated,canonical-info-006,professionalize_language,invalid,reject,rules-baseline,reject,1,1.0,1.0,1.0,1.0,1.0,0.6
mut-info-006-scope-expansion-01,mutated,canonical-info-006,scope_expansion,invalid,reject,rules-baseline,reject,1,1.0,1.0,1.0,1.0,0.6,0.6
mut-infodisc-016-add-irrelevant-detail-07,mutated,canonical-infodisc-016,add_irrelevant_detail,valid,accept,rules-baseline,needs_manual_review,0,1.0,1.0,1.0,0.772,1.0,0.45
mut-infodisc-016-confidence-overstatement-02,mutated,canonical-infodisc-016,confidence_overstatement,valid,accept,rules-baseline,needs_manual_review,0,1.0,1.0,1.0,0.772,1.0,0.45
mut-infodisc-016-contradict-observed-result-06,mutated,canonical-infodisc-016,contradict_observed_result,valid,reject,rules-baseline,reject,1,0.45,1.0,1.0,0.772,1.0,0.6
mut-infodisc-016-fabricate-reference-03,mutated,canonical-infodisc-016,fabricate_reference,valid,needs_manual_review,rules-baseline,needs_manual_review,1,1.0,0.9,1.0,0.772,1.0,0.45
mut-infodisc-016-impossible-precondition-05,mutated,canonical-infodisc-016,impossible_precondition,valid,reject,rules-baseline,needs_manual_review,0,1.0,1.0,1.0,0.772,1.0,0.45
mut-infodisc-016-misattribute-cve-04,mutated,canonical-infodisc-016,misattribute_cve,valid,needs_manual_review,rules-baseline,needs_manual_review,1,0.7,1.0,1.0,0.772,1.0,0.45
mut-infodisc-016-professionalize-language-01,mutated,canonical-infodisc-016,professionalize_language,valid,accept,rules-baseline,needs_manual_review,0,1.0,1.0,1.0,0.772,1.0,0.45
mut-infodisc-016-remove-reproduction-step-08,mutated,canonical-infodisc-016,remove_reproduction_step,valid,needs_manual_review,rules-baseline,needs_manual_review,1,1.0,1.0,1.0,0.577,1.0,0.45
mut-jwtalg-026-add-irrelevant-detail-03,mutated,canonical-jwtalg-026,add_irrelevant_detail,review,needs_manual_review,rules-baseline,needs_manual_review,1,1.0,1.0,1.0,1.0,1.0,0.5
mut-jwtalg-026-confidence-overstatement-01,mutated,canonical-jwtalg-026,confidence_overstatement,review,needs_manual_review,rules-baseline,needs_manual_review,1,1.0,1.0,1.0,1.0,1.0,0.5
mut-jwtalg-026-professionalize-language-02,mutated,canonical-jwtalg-026,professionalize_language,review,needs_manual_review,rules-baseline,needs_manual_review,1,1.0,1.0,1.0,1.0,1.0,0.5
mut-jwtalg-026-remove-affected-version-05,mutated,canonical-jwtalg-026,remove_affected_version,review,needs_manual_review,rules-baseline,needs_manual_review,1,1.0,0.9,1.0,0.95,0.75,0.5
mut-jwtalg-026-remove-reproduction-step-04,mutated,canonical-jwtalg-026,remove_reproduction_step,review,needs_manual_review,rules-baseline,needs_manual_review,1,1.0,1.0,1.0,0.772,1.0,0.5
mut-loginject-031-add-irrelevant-detail-02,mutated,canonical-loginject-031,add_irrelevant_detail,review,needs_manual_review,rules-baseline,needs_manual_review,1,1.0,1.0,1.0,1.0,1.0,0.5
mut-loginject-031-confidence-overstatement-05,mutated,canonical-loginject-031,confidence_overstatement,review,needs_manual_review,rules-baseline,needs_manual_review,1,1.0,1.0,1.0,1.0,1.0,0.5
mut-loginject-031-professionalize-language-01,mutated,canonical-loginject-031,professionalize_language,review,needs_manual_review,rules-baseline,needs_manual_review,1,1.0,1.0,1.0,1.0,1.0,0.5
mut-loginject-031-remove-affected-version-04,mutated,canonical-loginject-031,remove_affected_version,review,needs_manual_review,rules-baseline,needs_manual_review,1,1.0,0.9,1.0,0.95,0.75,0.5
mut-loginject-031-remove-reproduction-step-03,mutated,canonical-loginject-031,remove_reproduction_step,review,needs_manual_review,rules-baseline,needs_manual_review,1,1.0,1.0,1.0,0.772,1.0,0.5
mut-massign-014-add-irrelevant-detail-06,mutated,canonical-massign-014,add_irrelevant_detail,valid,accept,rules-baseline,accept,1,1.0,1.0,1.0,1.0,1.0,0.852
mut-massign-014-confidence-overstatement-01,mutated,canonical-massign-014,confidence_overstatement,valid,accept,rules-baseline,accept,1,1.0,1.0,1.0,1.0,1.0,0.852
mut-massign-014-contradict-observed-result-05,mutated,canonical-massign-014,contradict_observed_result,valid,reject,rules-baseline,reject,1,0.3,1.0,1.0,1.0,1.0,0.675
mut-massign-014-fabricate-reference-02,mutated,canonical-massign-014,fabricate_reference,valid,needs_manual_review,rules-baseline,needs_manual_review,1,1.0,0.9,1.0,1.0,1.0,0.45
mut-massign-014-impossible-precondition-04,mutated,canonical-massign-014,impossible_precondition,valid,reject,rules-baseline,accept,0,1.0,1.0,1.0,1.0,1.0,0.852
mut-massign-014-misattribute-cve-03,mutated,canonical-massign-014,misattribute_cve,valid,needs_manual_review,rules-baseline,needs_manual_review,1,0.7,1.0,1.0,1.0,1.0,0.45
mut-massign-014-remove-affected-version-08,mutated,canonical-massign-014,remove_affected_version,valid,accept,rules-baseline,accept,1,1.0,0.9,1.0,0.95,0.75,0.724
mut-massign-014-remove-reproduction-step-07,mutated,canonical-massign-014,remove_reproduction_step,valid,needs_manual_review,rules-baseline,needs_manual_review,1,1.0,1.0,1.0,0.772,1.0,0.45
mut-norepro-009-add-irrelevant-detail-03,mutated,canonical-norepro-009,add_irrelevant_detail,invalid,reject,rules-baseline,reject,1,0.0,1.0,1.0,1.0,1.0,0.825
mut-norepro-009-confidence-overstatement-02,mutated,canonical-norepro-009,confidence_overstatement,invalid,reject,rules-baseline,reject,1,0.0,1.0,1.0,1.0,1.0,0.825
mut-norepro-009-professionalize-language-01,mutated,canonical-norepro-009,professionalize_language,invalid,reject,rules-baseline,reject,1,0.0,1.0,1.0,1.0,1.0,0.825
mut-norepro-009-scope-expansion-04,mutated,canonical-norepro-009,scope_expansion,invalid,reject,rules-baseline,reject,1,0.0,1.0,1.0,1.0,0.6,0.825
mut-oauthstate-029-add-irrelevant-detail-01,mutated,canonical-oauthstate-029,add_irrelevant_detail,review,needs_manual_review,rules-baseline,needs_manual_review,1,1.0,1.0,1.0,1.0,1.0,0.5
mut-oauthstate-029-confidence-overstatement-04,mutated,canonical-oauthstate-029,confidence_overstatement,review,needs_manual_review,rules-baseline,needs_manual_review,1,1.0,1.0,1.0,1.0,1.0,0.5
mut-oauthstate-029-professionalize-language-05,mutated,canonical-oauthstate-029,professionalize_language,review,needs_manual_review,rules-baseline,needs_manual_review,1,1.0,1.0,1.0,1.0,1.0,0.5
mut-oauthstate-029-remove-affected-version-03,mutated,canonical-oauthstate-029,remove_affected_version,review,needs_manual_review,rules-baseline,needs_manual_review,1,1.0,0.9,1.0,0.95,0.75,0.5
mut-oauthstate-029-remove-reproduction-step-02,mutated,canonical-oauthstate-029,remove_reproduction_step,review,needs_manual_review,rules-baseline,needs_manual_review,1,1.0,1.0,1.0,0.772,1.0,0.5
mut-oob-008-add-irrelevant-detail-02,mutated,canonical-oob-008,add_irrelevant_detail,invalid,reject,rules-baseline,reject,1,1.0,1.0,1.0,1.0,1.0,0.6
mut-oob-008-confidence-overstatement-01,mutated,canonical-oob-008,confidence_overstatement,invalid,reject,rules-baseline,reject,1,1.0,1.0,1.0,1.0,1.0,0.6
mut-oob-008-professionalize-language-04,mutated,canonical-oob-008,professionalize_language,invalid,reject,rules-baseline,reject,1,1.0,1.0,1.0,1.0,1.0,0.6
mut-oob-008-scope-expansion-03,mutated,canonical-oob-008,scope_expansion,invalid,reject,rules-baseline,reject,1,1.0,1.0,1.0,1.0,0.6,0.6
mut-openred-015-add-irrelevant-detail-05,mutated,canonical-openred-015,add_irrelevant_detail,valid,accept,rules-baseline,accept,1,1.0,1.0,1.0,1.0,1.0,0.852
mut-openred-015-contradict-observed-result-04,mutated,canonical-openred-015,contradict_observed_result,valid,reject,rules-baseline,reject,1,0.45,1.0,1.0,1.0,1.0,0.6
mut-openred-015-fabricate-reference-01,mutated,canonical-openred-015,fabricate_reference,valid,needs_manual_review,rules-baseline,needs_manual_review,1,1.0,0.9,1.0,1.0,1.0,0.45
mut-openred-015-impact-inflation-08,mutated,canonical-openred-015,impact_inflation,valid,needs_manual_review,rules-baseline,needs_manual_review,1,1.0,1.0,0.55,1.0,1.0,0.45
mut-openred-015-impossible-precondition-03,mutated,canonical-openred-015,impossible_precondition,valid,reject,rules-baseline,accept,0,1.0,1.0,1.0,1.0,1.0,0.852
mut-openred-015-misattribute-cve-02,mutated,canonical-openred-015,misattribute_cve,valid,needs_manual_review,rules-baseline,needs_manual_review,1,0.7,1.0,1.0,1.0,1.0,0.45
mut-openred-015-remove-affected-version-07,mutated,canonical-openred-015,remove_affected_version,valid,accept,rules-baseline,accept,1,1.0,0.9,1.0,0.95,0.75,0.724
mut-openred-015-remove-reproduction-step-06,mutated,canonical-openred-015,remove_reproduction_step,valid,needs_manual_review,rules-baseline,needs_manual_review,1,1.0,1.0,1.0,0.772,1.0,0.45
mut-pair1a-cookie-professionalize-language-01,mutated,canonical-pair1a-cookie,professionalize_language,invalid,reject,rules-baseline,reject,1,1.0,1.0,1.0,0.772,1.0,0.6
mut-pair1b-cookie-confidence-overstatement-01,mutated,canonical-pair1b-cookie,confidence_overstatement,invalid,reject,rules-baseline,reject,1,1.0,1.0,1.0,1.0,1.0,0.6
mut-pair2a-dirlist-professionalize-language-01,mutated,canonical-pair2a-dirlist,professionalize_language,invalid,reject,rules-baseline,needs_manual_review,0,1.0,1.0,1.0,0.772,1.0,0.45
mut-pair2b-dirlist-confidence-overstatement-01,mutated,canonical-pair2b-dirlist,confidence_overstatement,invalid,reject,rules-baseline,reject,1,1.0,1.0,1.0,1.0,1.0,0.6
mut-pair3a-comment-professionalize-language-01,mutated,canonical-pair3a-comment,professionalize_language,invalid,reject,rules-baseline,accept,0,1.0,1.0,1.0,1.0,1.0,0.852
mut-pair3b-comment-confidence-overstatement-01,mutated,canonical-pair3b-comment,confidence_overstatement,invalid,reject,rules-baseline,reject,1,1.0,1.0,1.0,1.0,1.0,0.6
mut-pair4a-passpol-professionalize-language-01,mutated,canonical-pair4a-passpol,professionalize_language,invalid,reject,rules-baseline,accept,0,1.0,1.0,1.0,1.0,1.0,0.852
mut-pair4b-passpol-confidence-overstatement-01,mutated,canonical-pair4b-passpol,confidence_overstatement,invalid,reject,rules-baseline,reject,1,1.0,1.0,1.0,1.0,1.0,0.6
mut-pair5a-health-professionalize-language-01,mutated,canonical-pair5a-health,professionalize_language,invalid,reject,rules-baseline,needs_manual_review,0,1.0,1.0,1.0,0.772,1.0,0.45
mut-pair5b-health-confidence-overstatement-01,mutated,canonical-pair5b-health,confidence_overstatement,invalid,reject,rules-baseline,reject,1,1.0,1.0,1.0,1.0,1.0,0.6
mut-pair6a-logout-professionalize-language-01,mutated,canonical-pair6a-logout,professionalize_language,invalid,reject,rules-baseline,accept,0,1.0,1.0,1.0,1.0,1.0,0.852
mut-pair6b-logout-confidence-overstatement-01,mutated,canonical-pair6b-logout,confidence_overstatement,invalid,reject,rules-baseline,reject,1,1.0,1.0,1.0,1.0,1.0,0.6
mut-pair7a-404-professionalize-language-01,mutated,canonical-pair7a-404,professionalize_language,invalid,reject,rules-baseline,needs_manual_review,0,1.0,1.0,1.0,0.772,1.0,0.45
mut-pair7b-404-confidence-overstatement-01,mutated,canonical-pair7b-404,confidence_overstatement,invalid,reject,rules-baseline,reject,1,1.0,1.0,1.0,1.0,1.0,0.6
mut-pair8a-session-professionalize-language-01,mutated,canonical-pair8a-session,professionalize_language,invalid,reject,rules-baseline,accept,0,1.0,1.0,1.0,1.0,1.0,0.852
mut-pair8b-session-confidence-overstatement-01,mutated,canonical-pair8b-session,confidence_overstatement,invalid,reject,rules-baseline,reject,1,1.0,1.0,1.0,1.0,1.0,0.6
mut-pathtrav-017-add-irrelevant-detail-04,mutated,canonical-pathtrav-017,add_irrelevant_detail,valid,accept,rules-baseline,accept,1,1.0,1.0,1.0,1.0,1.0,0.852
mut-pathtrav-017-contradict-observed-result-03,mutated,canonical-pathtrav-017,contradict_observed_result,valid,reject,rules-baseline,reject,1,0.0,1.0,1.0,1.0,1.0,0.825
mut-pathtrav-017-impact-inflation-07,mutated,canonical-pathtrav-017,impact_inflation,valid,needs_manual_review,rules-baseline,needs_manual_review,1,1.0,1.0,0.55,1.0,1.0,0.45
mut-pathtrav-017-impossible-precondition-02,mutated,canonical-pathtrav-017,impossible_precondition,valid,reject,rules-baseline,accept,0,1.0,1.0,1.0,1.0,1.0,0.852
mut-pathtrav-017-misattribute-cve-01,mutated,canonical-pathtrav-017,misattribute_cve,valid,needs_manual_review,rules-baseline,needs_manual_review,1,0.7,1.0,1.0,1.0,1.0,0.45
mut-pathtrav-017-remove-affected-version-06,mutated,canonical-pathtrav-017,remove_affected_version,valid,accept,rules-baseline,accept,1,1.0,0.9,1.0,0.95,0.75,0.724
mut-pathtrav-017-remove-reproduction-step-05,mutated,canonical-pathtrav-017,remove_reproduction_step,valid,needs_manual_review,rules-baseline,needs_manual_review,1,1.0,1.0,1.0,0.772,1.0,0.45
mut-pathtrav-017-scope-expansion-08,mutated,canonical-pathtrav-017,scope_expansion,valid,needs_manual_review,rules-baseline,needs_manual_review,1,1.0,1.0,1.0,1.0,0.6,0.45
mut-perm-012-add-irrelevant-detail-05,mutated,canonical-perm-012,add_irrelevant_detail,review,needs_manual_review,rules-baseline,needs_manual_review,1,1.0,1.0,1.0,1.0,1.0,0.5
mut-perm-012-confidence-overstatement-03,mutated,canonical-perm-012,confidence_overstatement,review,needs_manual_review,rules-baseline,needs_manual_review,1,1.0,1.0,1.0,1.0,1.0,0.5
mut-perm-012-professionalize-language-04,mutated,canonical-perm-012,professionalize_language,review,needs_manual_review,rules-baseline,needs_manual_review,1,1.0,1.0,1.0,1.0,1.0,0.5
mut-perm-012-remove-affected-version-02,mutated,canonical-perm-012,remove_affected_version,review,needs_manual_review,rules-baseline,needs_manual_review,1,1.0,0.9,1.0,0.95,0.75,0.5
mut-perm-012-remove-reproduction-step-01,mutated,canonical-perm-012,remove_reproduction_step,review,needs_manual_review,rules-baseline,needs_manual_review,1,1.0,1.0,1.0,1.0,1.0,0.5
mut-permdiff-020-add-irrelevant-detail-04,mutated,canonical-permdiff-020,add_irrelevant_detail,review,needs_manual_review,rules-baseline,needs_manual_review,1,1.0,1.0,1.0,1.0,1.0,0.5
mut-permdiff-020-confidence-overstatement-02,mutated,canonical-permdiff-020,confidence_overstatement,review,needs_manual_review,rules-baseline,needs_manual_review,1,1.0,1.0,1.0,1.0,1.0,0.5
mut-permdiff-020-professionalize-language-03,mutated,canonical-permdiff-020,professionalize_language,review,needs_manual_review,rules-baseline,needs_manual_review,1,1.0,1.0,1.0,1.0,1.0,0.5
mut-permdiff-020-remove-affected-version-01,mutated,canonical-permdiff-020,remove_affected_version,review,needs_manual_review,rules-baseline,needs_manual_review,1,1.0,0.9,1.0,0.95,0.75,0.5
mut-permdiff-020-remove-reproduction-step-05,mutated,canonical-permdiff-020,remove_reproduction_step,review,needs_manual_review,rules-baseline,needs_manual_review,1,1.0,1.0,1.0,0.772,1.0,0.5
mut-racecond-018-add-irrelevant-detail-03,mutated,canonical-racecond-018,add_irrelevant_detail,valid,accept,rules-baseline,accept,1,1.0,1.0,1.0,1.0,1.0,0.852
mut-racecond-018-contradict-observed-result-02,mutated,canonical-racecond-018,contradict_observed_result,valid,reject,rules-baseline,reject,1,0.45,1.0,1.0,1.0,1.0,0.6
mut-racecond-018-impact-inflation-06,mutated,canonical-racecond-018,impact_inflation,valid,needs_manual_review,rules-baseline,needs_manual_review,1,1.0,1.0,0.45,1.0,1.0,0.45
mut-racecond-018-impossible-precondition-01,mutated,canonical-racecond-018,impossible_precondition,valid,reject,rules-baseline,accept,0,1.0,1.0,1.0,1.0,1.0,0.852
mut-racecond-018-invent-api-identifier-08,mutated,canonical-racecond-018,invent_api_identifier,valid,needs_manual_review,rules-baseline,needs_manual_review,1,0.55,0.83,1.0,1.0,1.0,0.45
mut-racecond-018-remove-affected-version-05,mutated,canonical-racecond-018,remove_affected_version,valid,accept,rules-baseline,accept,1,1.0,0.9,1.0,0.95,0.75,0.724
mut-racecond-018-remove-reproduction-step-04,mutated,canonical-racecond-018,remove_reproduction_step,valid,needs_manual_review,rules-baseline,needs_manual_review,1,1.0,1.0,1.0,0.772,1.0,0.45
mut-racecond-018-scope-expansion-07,mutated,canonical-racecond-018,scope_expansion,valid,needs_manual_review,rules-baseline,needs_manual_review,1,1.0,1.0,1.0,1.0,0.6,0.45
mut-ratelimit-010-add-irrelevant-detail-03,mutated,canonical-ratelimit-010,add_irrelevant_detail,review,needs_manual_review,rules-baseline,needs_manual_review,1,1.0,1.0,1.0,1.0,1.0,0.5
mut-ratelimit-010-confidence-overstatement-01,mutated,canonical-ratelimit-010,confidence_overstatement,review,needs_manual_review,rules-baseline,needs_manual_review,1,1.0,1.0,1.0,1.0,1.0,0.5
mut-ratelimit-010-professionalize-language-02,mutated,canonical-ratelimit-010,professionalize_language,review,needs_manual_review,rules-baseline,needs_manual_review,1,1.0,1.0,1.0,1.0,1.0,0.5
mut-ratelimit-010-remove-affected-version-05,mutated,canonical-ratelimit-010,remove_affected_version,review,needs_manual_review,rules-baseline,needs_manual_review,1,1.0,0.9,1.0,0.95,0.75,0.5
mut-ratelimit-010-remove-reproduction-step-04,mutated,canonical-ratelimit-010,remove_reproduction_step,review,needs_manual_review,rules-baseline,needs_manual_review,1,1.0,1.0,1.0,0.772,1.0,0.5
mut-ratelimit2-032-add-irrelevant-detail-02,mutated,canonical-ratelimit2-032,add_irrelevant_detail,review,needs_manual_review,rules-baseline,needs_manual_review,1,1.0,1.0,1.0,1.0,1.0,0.5
mut-ratelimit2-032-confidence-overstatement-05,mutated,canonical-ratelimit2-032,confidence_overstatement,review,needs_manual_review,rules-baseline,needs_manual_review,1,1.0,1.0,1.0,1.0,1.0,0.5
mut-ratelimit2-032-professionalize-language-01,mutated,canonical-ratelimit2-032,professionalize_language,review,needs_manual_review,rules-baseline,needs_manual_review,1,1.0,1.0,1.0,1.0,1.0,0.5
mut-ratelimit2-032-remove-affected-version-04,mutated,canonical-ratelimit2-032,remove_affected_version,review,needs_manual_review,rules-baseline,needs_manual_review,1,1.0,0.9,1.0,0.95,0.75,0.5
mut-ratelimit2-032-remove-reproduction-step-03,mutated,canonical-ratelimit2-032,remove_reproduction_step,review,needs_manual_review,rules-baseline,needs_manual_review,1,1.0,1.0,1.0,1.0,1.0,0.5
mut-robots-022-add-irrelevant-detail-01,mutated,canonical-robots-022,add_irrelevant_detail,invalid,reject,rules-baseline,reject,1,1.0,1.0,1.0,1.0,1.0,0.6
mut-robots-022-confidence-overstatement-04,mutated,canonical-robots-022,confidence_overstatement,invalid,reject,rules-baseline,reject,1,1.0,1.0,1.0,1.0,1.0,0.6
mut-robots-022-professionalize-language-03,mutated,canonical-robots-022,professionalize_language,invalid,reject,rules-baseline,reject,1,1.0,1.0,1.0,1.0,1.0,0.6
mut-robots-022-scope-expansion-02,mutated,canonical-robots-022,scope_expansion,invalid,reject,rules-baseline,reject,1,1.0,1.0,1.0,1.0,0.6,0.6
mut-saml-019-add-irrelevant-detail-02,mutated,canonical-saml-019,add_irrelevant_detail,valid,accept,rules-baseline,accept,1,1.0,1.0,1.0,1.0,1.0,0.852
mut-saml-019-contradict-observed-result-01,mutated,canonical-saml-019,contradict_observed_result,valid,reject,rules-baseline,reject,1,0.45,1.0,1.0,1.0,1.0,0.6
mut-saml-019-impact-inflation-05,mutated,canonical-saml-019,impact_inflation,valid,needs_manual_review,rules-baseline,needs_manual_review,1,1.0,1.0,0.45,1.0,1.0,0.45
mut-saml-019-invent-api-identifier-07,mutated,canonical-saml-019,invent_api_identifier,valid,needs_manual_review,rules-baseline,needs_manual_review,1,0.55,0.83,1.0,1.0,1.0,0.45
mut-saml-019-professionalize-language-08,mutated,canonical-saml-019,professionalize_language,valid,accept,rules-baseline,accept,1,1.0,1.0,1.0,1.0,1.0,0.852
mut-saml-019-remove-affected-version-04,mutated,canonical-saml-019,remove_affected_version,valid,accept,rules-baseline,accept,1,1.0,0.9,1.0,0.95,0.75,0.724
mut-saml-019-remove-reproduction-step-03,mutated,canonical-saml-019,remove_reproduction_step,valid,needs_manual_review,rules-baseline,needs_manual_review,1,1.0,1.0,1.0,0.772,1.0,0.45
mut-saml-019-scope-expansion-06,mutated,canonical-saml-019,scope_expansion,valid,needs_manual_review,rules-baseline,needs_manual_review,1,1.0,1.0,1.0,1.0,0.6,0.45
mut-selfreg-023-add-irrelevant-detail-04,mutated,canonical-selfreg-023,add_irrelevant_detail,invalid,reject,rules-baseline,accept,0,1.0,1.0,1.0,1.0,1.0,0.852
mut-selfreg-023-confidence-overstatement-03,mutated,canonical-selfreg-023,confidence_overstatement,invalid,reject,rules-baseline,accept,0,1.0,1.0,1.0,1.0,1.0,0.852
mut-selfreg-023-professionalize-language-02,mutated,canonical-selfreg-023,professionalize_language,invalid,reject,rules-baseline,accept,0,1.0,1.0,1.0,1.0,1.0,0.852
mut-selfreg-023-scope-expansion-01,mutated,canonical-selfreg-023,scope_expansion,invalid,reject,rules-baseline,needs_manual_review,0,1.0,1.0,1.0,1.0,0.6,0.45
mut-sqlx-002-add-irrelevant-detail-01,mutated,canonical-sqlx-002,add_irrelevant_detail,valid,accept,rules-baseline,accept,1,1.0,1.0,1.0,1.0,1.0,0.852
mut-sqlx-002-confidence-overstatement-08,mutated,canonical-sqlx-002,confidence_overstatement,valid,accept,rules-baseline,accept,1,1.0,1.0,1.0,1.0,1.0,0.852
mut-sqlx-002-impact-inflation-04,mutated,canonical-sqlx-002,impact_inflation,valid,needs_manual_review,rules-baseline,needs_manual_review,1,1.0,1.0,0.45,1.0,1.0,0.45
mut-sqlx-002-invent-api-identifier-06,mutated,canonical-sqlx-002,invent_api_identifier,valid,needs_manual_review,rules-baseline,needs_manual_review,1,0.55,0.83,1.0,1.0,1.0,0.45
mut-sqlx-002-professionalize-language-07,mutated,canonical-sqlx-002,professionalize_language,valid,accept,rules-baseline,accept,1,1.0,1.0,1.0,1.0,1.0,0.852
mut-sqlx-002-remove-affected-version-03,mutated,canonical-sqlx-002,remove_affected_version,valid,accept,rules-baseline,accept,1,1.0,0.9,1.0,0.95,0.75,0.724
mut-sqlx-002-remove-reproduction-step-02,mutated,canonical-sqlx-002,remove_reproduction_step,valid,needs_manual_review,rules-baseline,needs_manual_review,1,1.0,1.0,1.0,0.772,1.0,0.45
mut-sqlx-002-scope-expansion-05,mutated,canonical-sqlx-002,scope_expansion,valid,needs_manual_review,rules-baseline,needs_manual_review,1,1.0,1.0,1.0,1.0,0.6,0.45
mut-ssrf-005-confidence-overstatement-07,mutated,canonical-ssrf-005,confidence_overstatement,valid,accept,rules-baseline,accept,1,1.0,1.0,1.0,1.0,1.0,0.852
mut-ssrf-005-fabricate-reference-08,mutated,canonical-ssrf-005,fabricate_reference,valid,needs_manual_review,rules-baseline,needs_manual_review,1,1.0,0.9,1.0,1.0,1.0,0.45
mut-ssrf-005-impact-inflation-03,mutated,canonical-ssrf-005,impact_inflation,valid,needs_manual_review,rules-baseline,needs_manual_review,1,1.0,1.0,0.55,1.0,1.0,0.45
mut-ssrf-005-invent-api-identifier-05,mutated,canonical-ssrf-005,invent_api_identifier,valid,needs_manual_review,rules-baseline,needs_manual_review,1,0.55,0.83,1.0,1.0,1.0,0.45
mut-ssrf-005-professionalize-language-06,mutated,canonical-ssrf-005,professionalize_language,valid,accept,rules-baseline,accept,1,1.0,1.0,1.0,1.0,1.0,0.852
mut-ssrf-005-remove-affected-version-02,mutated,canonical-ssrf-005,remove_affected_version,valid,accept,rules-baseline,accept,1,1.0,0.9,1.0,0.95,0.75,0.724
mut-ssrf-005-remove-reproduction-step-01,mutated,canonical-ssrf-005,remove_reproduction_step,valid,needs_manual_review,rules-baseline,needs_manual_review,1,1.0,1.0,1.0,0.772,1.0,0.45
mut-ssrf-005-scope-expansion-04,mutated,canonical-ssrf-005,scope_expansion,valid,needs_manual_review,rules-baseline,needs_manual_review,1,1.0,1.0,1.0,1.0,0.6,0.45
mut-tokenurl-013-confidence-overstatement-06,mutated,canonical-tokenurl-013,confidence_overstatement,valid,accept,rules-baseline,accept,1,1.0,1.0,1.0,1.0,1.0,0.852
mut-tokenurl-013-fabricate-reference-07,mutated,canonical-tokenurl-013,fabricate_reference,valid,needs_manual_review,rules-baseline,needs_manual_review,1,1.0,0.9,1.0,1.0,1.0,0.45
mut-tokenurl-013-impact-inflation-02,mutated,canonical-tokenurl-013,impact_inflation,valid,needs_manual_review,rules-baseline,needs_manual_review,1,1.0,1.0,0.45,1.0,1.0,0.45
mut-tokenurl-013-invent-api-identifier-04,mutated,canonical-tokenurl-013,invent_api_identifier,valid,needs_manual_review,rules-baseline,reject,0,0.1,0.78,1.0,1.0,1.0,0.775
mut-tokenurl-013-misattribute-cve-08,mutated,canonical-tokenurl-013,misattribute_cve,valid,needs_manual_review,rules-baseline,needs_manual_review,1,0.7,1.0,1.0,1.0,1.0,0.45
mut-tokenurl-013-professionalize-language-05,mutated,canonical-tokenurl-013,professionalize_language,valid,accept,rules-baseline,accept,1,1.0,1.0,1.0,1.0,1.0,0.852
mut-tokenurl-013-remove-affected-version-01,mutated,canonical-tokenurl-013,remove_affected_version,valid,accept,rules-baseline,accept,1,1.0,0.9,1.0,0.95,0.75,0.724
mut-tokenurl-013-scope-expansion-03,mutated,canonical-tokenurl-013,scope_expansion,valid,needs_manual_review,rules-baseline,needs_manual_review,1,1.0,1.0,1.0,1.0,0.6,0.45
mut-totiming-019-add-irrelevant-detail-01,mutated,canonical-totiming-019,add_irrelevant_detail,review,needs_manual_review,rules-baseline,reject,0,1.0,1.0,1.0,1.0,1.0,0.6
mut-totiming-019-confidence-overstatement-04,mutated,canonical-totiming-019,confidence_overstatement,review,needs_manual_review,rules-baseline,reject,0,1.0,1.0,1.0,1.0,1.0,0.6
mut-totiming-019-professionalize-language-05,mutated,canonical-totiming-019,professionalize_language,review,needs_manual_review,rules-baseline,reject,0,1.0,1.0,1.0,1.0,1.0,0.6
mut-totiming-019-remove-affected-version-03,mutated,canonical-totiming-019,remove_affected_version,review,needs_manual_review,rules-baseline,reject,0,1.0,0.9,1.0,0.95,0.75,0.6
mut-totiming-019-remove-reproduction-step-02,mutated,canonical-totiming-019,remove_reproduction_step,review,needs_manual_review,rules-baseline,reject,0,1.0,1.0,1.0,0.772,1.0,0.6
mut-verb-021-add-irrelevant-detail-03,mutated,canonical-verb-021,add_irrelevant_detail,invalid,reject,rules-baseline,reject,1,1.0,1.0,1.0,0.772,1.0,0.6
mut-verb-021-confidence-overstatement-02,mutated,canonical-verb-021,confidence_overstatement,invalid,reject,rules-baseline,reject,1,1.0,1.0,1.0,0.772,1.0,0.6
mut-verb-021-professionalize-language-01,mutated,canonical-verb-021,professionalize_language,invalid,reject,rules-baseline,reject,1,1.0,1.0,1.0,0.772,1.0,0.6
mut-verb-021-scope-expansion-04,mutated,canonical-verb-021,scope_expansion,invalid,reject,rules-baseline,reject,1,1.0,1.0,1.0,0.772,0.6,0.6
mut-versiondisc-024-add-irrelevant-detail-02,mutated,canonical-versiondisc-024,add_irrelevant_detail,invalid,reject,rules-baseline,reject,1,1.0,1.0,1.0,0.772,1.0,0.6
mut-versiondisc-024-confidence-overstatement-01,mutated,canonical-versiondisc-024,confidence_overstatement,invalid,reject,rules-baseline,reject,1,1.0,1.0,1.0,0.772,1.0,0.6
mut-versiondisc-024-professionalize-language-04,mutated,canonical-versiondisc-024,professionalize_language,invalid,reject,rules-baseline,reject,1,1.0,1.0,1.0,0.772,1.0,0.6
mut-versiondisc-024-scope-expansion-03,mutated,canonical-versiondisc-024,scope_expansion,invalid,reject,rules-baseline,reject,1,1.0,1.0,1.0,0.772,0.6,0.6
mut-websig-018-confidence-overstatement-05,mutated,canonical-websig-018,confidence_overstatement,valid,accept,rules-baseline,accept,1,1.0,1.0,1.0,1.0,1.0,0.852
mut-websig-018-fabricate-reference-06,mutated,canonical-websig-018,fabricate_reference,valid,needs_manual_review,rules-baseline,needs_manual_review,1,1.0,0.9,1.0,1.0,1.0,0.45
mut-websig-018-impact-inflation-01,mutated,canonical-websig-018,impact_inflation,valid,needs_manual_review,rules-baseline,needs_manual_review,1,1.0,1.0,0.45,1.0,1.0,0.45
mut-websig-018-impossible-precondition-08,mutated,canonical-websig-018,impossible_precondition,valid,reject,rules-baseline,accept,0,1.0,1.0,1.0,1.0,1.0,0.852
mut-websig-018-invent-api-identifier-03,mutated,canonical-websig-018,invent_api_identifier,valid,needs_manual_review,rules-baseline,needs_manual_review,1,0.55,0.83,1.0,1.0,1.0,0.45
mut-websig-018-misattribute-cve-07,mutated,canonical-websig-018,misattribute_cve,valid,needs_manual_review,rules-baseline,needs_manual_review,1,0.7,1.0,1.0,1.0,1.0,0.45
mut-websig-018-professionalize-language-04,mutated,canonical-websig-018,professionalize_language,valid,accept,rules-baseline,accept,1,1.0,1.0,1.0,1.0,1.0,0.852
mut-websig-018-scope-expansion-02,mutated,canonical-websig-018,scope_expansion,valid,needs_manual_review,rules-baseline,needs_manual_review,1,1.0,1.0,1.0,1.0,0.6,0.45
mut-wstoken-022-add-irrelevant-detail-05,mutated,canonical-wstoken-022,add_irrelevant_detail,review,needs_manual_review,rules-baseline,reject,0,1.0,1.0,1.0,1.0,1.0,0.6
mut-wstoken-022-confidence-overstatement-03,mutated,canonical-wstoken-022,confidence_overstatement,review,needs_manual_review,rules-baseline,reject,0,1.0,1.0,1.0,1.0,1.0,0.6
mut-wstoken-022-professionalize-language-04,mutated,canonical-wstoken-022,professionalize_language,review,needs_manual_review,rules-baseline,reject,0,1.0,1.0,1.0,1.0,1.0,0.6
mut-wstoken-022-remove-affected-version-02,mutated,canonical-wstoken-022,remove_affected_version,review,needs_manual_review,rules-baseline,reject,0,1.0,0.9,1.0,0.95,0.75,0.6
mut-wstoken-022-remove-reproduction-step-01,mutated,canonical-wstoken-022,remove_reproduction_step,review,needs_manual_review,rules-baseline,reject,0,1.0,1.0,1.0,0.772,1.0,0.6
mut-xsrf-003-confidence-overstatement-04,mutated,canonical-xsrf-003,confidence_overstatement,valid,accept,rules-baseline,accept,1,1.0,1.0,1.0,1.0,1.0,0.852
mut-xsrf-003-contradict-observed-result-08,mutated,canonical-xsrf-003,contradict_observed_result,valid,reject,rules-baseline,reject,1,0.45,1.0,1.0,1.0,1.0,0.6
mut-xsrf-003-fabricate-reference-05,mutated,canonical-xsrf-003,fabricate_reference,valid,needs_manual_review,rules-baseline,needs_manual_review,1,1.0,0.9,1.0,1.0,1.0,0.45
mut-xsrf-003-impossible-precondition-07,mutated,canonical-xsrf-003,impossible_precondition,valid,reject,rules-baseline,accept,0,1.0,1.0,1.0,1.0,1.0,0.852
mut-xsrf-003-invent-api-identifier-02,mutated,canonical-xsrf-003,invent_api_identifier,valid,needs_manual_review,rules-baseline,needs_manual_review,1,0.55,0.83,1.0,1.0,1.0,0.45
mut-xsrf-003-misattribute-cve-06,mutated,canonical-xsrf-003,misattribute_cve,valid,needs_manual_review,rules-baseline,reject,0,0.4,1.0,1.0,1.0,1.0,0.625
mut-xsrf-003-professionalize-language-03,mutated,canonical-xsrf-003,professionalize_language,valid,accept,rules-baseline,accept,1,1.0,1.0,1.0,1.0,1.0,0.852
mut-xsrf-003-scope-expansion-01,mutated,canonical-xsrf-003,scope_expansion,valid,needs_manual_review,rules-baseline,needs_manual_review,1,1.0,1.0,1.0,1.0,0.6,0.45
mut-xssref-016-add-irrelevant-detail-08,mutated,canonical-xssref-016,add_irrelevant_detail,valid,accept,rules-baseline,accept,1,1.0,1.0,1.0,1.0,1.0,0.852
mut-xssref-016-confidence-overstatement-03,mutated,canonical-xssref-016,confidence_overstatement,valid,accept,rules-baseline,accept,1,1.0,1.0,1.0,1.0,1.0,0.852
mut-xssref-016-contradict-observed-result-07,mutated,canonical-xssref-016,contradict_observed_result,valid,reject,rules-baseline,reject,1,0.45,1.0,1.0,1.0,1.0,0.6
mut-xssref-016-fabricate-reference-04,mutated,canonical-xssref-016,fabricate_reference,valid,needs_manual_review,rules-baseline,needs_manual_review,1,1.0,0.9,1.0,1.0,1.0,0.45
mut-xssref-016-impossible-precondition-06,mutated,canonical-xssref-016,impossible_precondition,valid,reject,rules-baseline,accept,0,1.0,1.0,1.0,1.0,1.0,0.852
mut-xssref-016-invent-api-identifier-01,mutated,canonical-xssref-016,invent_api_identifier,valid,needs_manual_review,rules-baseline,reject,0,0.1,0.78,1.0,1.0,1.0,0.775
mut-xssref-016-misattribute-cve-05,mutated,canonical-xssref-016,misattribute_cve,valid,needs_manual_review,rules-baseline,needs_manual_review,1,0.7,1.0,1.0,1.0,1.0,0.45
mut-xssref-016-professionalize-language-02,mutated,canonical-xssref-016,professionalize_language,valid,accept,rules-baseline,accept,1,1.0,1.0,1.0,1.0,1.0,0.852
mut-xsssto-013-add-irrelevant-detail-07,mutated,canonical-xsssto-013,add_irrelevant_detail,valid,accept,rules-baseline,accept,1,1.0,1.0,1.0,1.0,1.0,0.852
mut-xsssto-013-confidence-overstatement-02,mutated,canonical-xsssto-013,confidence_overstatement,valid,accept,rules-baseline,accept,1,1.0,1.0,1.0,1.0,1.0,0.852
mut-xsssto-013-contradict-observed-result-06,mutated,canonical-xsssto-013,contradict_observed_result,valid,reject,rules-baseline,reject,1,0.45,1.0,1.0,1.0,1.0,0.6
mut-xsssto-013-fabricate-reference-03,mutated,canonical-xsssto-013,fabricate_reference,valid,needs_manual_review,rules-baseline,needs_manual_review,1,1.0,0.9,1.0,1.0,1.0,0.45
mut-xsssto-013-impossible-precondition-05,mutated,canonical-xsssto-013,impossible_precondition,valid,reject,rules-baseline,accept,0,1.0,1.0,1.0,1.0,1.0,0.852
mut-xsssto-013-misattribute-cve-04,mutated,canonical-xsssto-013,misattribute_cve,valid,needs_manual_review,rules-baseline,needs_manual_review,1,0.7,1.0,1.0,1.0,1.0,0.45
mut-xsssto-013-professionalize-language-01,mutated,canonical-xsssto-013,professionalize_language,valid,accept,rules-baseline,accept,1,1.0,1.0,1.0,1.0,1.0,0.852
mut-xsssto-013-remove-reproduction-step-08,mutated,canonical-xsssto-013,remove_reproduction_step,valid,needs_manual_review,rules-baseline,needs_manual_review,1,1.0,1.0,1.0,0.772,1.0,0.45
canonical-authz-001,canonical,,,valid,accept,evidence-graph-baseline,accept,1,0.65,1.0,1.0,1.0,0.8,0.69
canonical-authz2-014,canonical,,,valid,accept,evidence-graph-baseline,accept,1,0.65,1.0,1.0,1.0,0.8,0.69
canonical-cachehdr-024,canonical,,,review,needs_manual_review,evidence-graph-baseline,accept,0,0.65,1.0,1.0,1.0,0.8,0.69
canonical-cachepois-027,canonical,,,review,needs_manual_review,evidence-graph-baseline,needs_manual_review,1,0.15,0.0,0.25,0.7,0.8,0.5
canonical-corswild-025,canonical,,,invalid,reject,evidence-graph-baseline,reject,1,0.35,0.95,0.875,0.7666666666666666,0.8,0.85
canonical-crypto-011,canonical,,,review,needs_manual_review,evidence-graph-baseline,needs_manual_review,1,0.65,1.0,0.75,1.0,0.8,0.5
canonical-cspnonc-021,canonical,,,review,needs_manual_review,evidence-graph-baseline,needs_manual_review,1,0.65,1.0,0.75,1.0,0.8,0.5
canonical-csvinj-017,canonical,,,valid,accept,evidence-graph-baseline,accept,1,0.65,1.0,1.0,1.0,0.8,0.69
canonical-deserial-030,canonical,,,review,needs_manual_review,evidence-graph-baseline,needs_manual_review,1,0.65,1.0,0.75,1.0,0.8,0.5
canonical-dup-007,canonical,,,invalid,reject,evidence-graph-baseline,reject,1,0.15,0.0,0.5,0.7,0.8,0.85
canonical-filetype-023,canonical,,,review,needs_manual_review,evidence-graph-baseline,needs_manual_review,1,0.65,1.0,0.75,1.0,0.8,0.5
canonical-ghauthz-015,canonical,,,valid,accept,evidence-graph-baseline,accept,1,0.65,1.0,1.0,1.0,0.8,0.69
canonical-graphql-028,canonical,,,review,needs_manual_review,evidence-graph-baseline,reject,0,0.35,0.95,0.625,0.7666666666666666,0.8,0.85
canonical-headermiss-020,canonical,,,invalid,reject,evidence-graph-baseline,needs_manual_review,0,0.15,0.0,0.5,0.4666666666666666,0.8,0.5
canonical-idor-004,canonical,,,valid,accept,evidence-graph-baseline,accept,1,0.65,1.0,1.0,1.0,0.8,0.69
canonical-info-006,canonical,,,invalid,reject,evidence-graph-baseline,needs_manual_review,0,0.15,0.0,0.5,0.7,0.8,0.5
canonical-infodisc-016,canonical,,,valid,accept,evidence-graph-baseline,accept,1,0.65,1.0,1.0,0.7666666666666666,0.8,0.643
canonical-jwtalg-026,canonical,,,review,needs_manual_review,evidence-graph-baseline,needs_manual_review,1,0.65,1.0,0.75,1.0,0.8,0.5
canonical-loginject-031,canonical,,,review,needs_manual_review,evidence-graph-baseline,needs_manual_review,1,0.65,1.0,0.75,1.0,0.8,0.5
canonical-massign-014,canonical,,,valid,accept,evidence-graph-baseline,accept,1,0.65,1.0,1.0,1.0,0.8,0.69
canonical-norepro-009,canonical,,,invalid,reject,evidence-graph-baseline,accept,0,0.65,1.0,1.0,1.0,0.8,0.69
canonical-oauthstate-029,canonical,,,review,needs_manual_review,evidence-graph-baseline,accept,0,0.65,1.0,1.0,1.0,0.8,0.69
canonical-oob-008,canonical,,,invalid,reject,evidence-graph-baseline,reject,1,0.15,0.0,0.5,0.7,0.8,0.85
canonical-openred-015,canonical,,,valid,accept,evidence-graph-baseline,accept,1,0.65,1.0,1.0,1.0,0.8,0.69
canonical-pair1a-cookie,canonical,,,invalid,reject,evidence-graph-baseline,reject,1,0.15,0.0,0.5,0.4666666666666666,0.8,0.85
canonical-pair1b-cookie,canonical,,,invalid,reject,evidence-graph-baseline,reject,1,0.15,0.0,0.5,0.7,0.8,0.85
canonical-pair2a-dirlist,canonical,,,invalid,reject,evidence-graph-baseline,needs_manual_review,0,0.15,0.0,0.5,0.4666666666666666,0.8,0.5
canonical-pair2b-dirlist,canonical,,,invalid,reject,evidence-graph-baseline,reject,1,0.15,0.0,0.5,0.7,0.8,0.85
canonical-pair3a-comment,canonical,,,invalid,reject,evidence-graph-baseline,needs_manual_review,0,0.15,0.0,0.5,0.7,0.8,0.5
canonical-pair3b-comment,canonical,,,invalid,reject,evidence-graph-baseline,reject,1,0.15,0.0,0.5,0.7,0.8,0.85
canonical-pair4a-passpol,canonical,,,invalid,reject,evidence-graph-baseline,accept,0,0.65,1.0,1.0,1.0,0.8,0.69
canonical-pair4b-passpol,canonical,,,invalid,reject,evidence-graph-baseline,reject,1,0.15,0.0,0.5,0.7,0.8,0.85
canonical-pair5a-health,canonical,,,invalid,reject,evidence-graph-baseline,needs_manual_review,0,0.15,0.0,0.5,0.4666666666666666,0.8,0.5
canonical-pair5b-health,canonical,,,invalid,reject,evidence-graph-baseline,reject,1,0.35,0.95,0.875,1.0,0.8,0.85
canonical-pair6a-logout,canonical,,,invalid,reject,evidence-graph-baseline,needs_manual_review,0,0.15,0.0,0.5,0.7,0.8,0.5
canonical-pair6b-logout,canonical,,,invalid,reject,evidence-graph-baseline,reject,1,0.15,0.0,0.5,0.7,0.8,0.85
canonical-pair7a-404,canonical,,,invalid,reject,evidence-graph-baseline,needs_manual_review,0,0.15,0.0,0.5,0.4666666666666666,0.8,0.5
canonical-pair7b-404,canonical,,,invalid,reject,evidence-graph-baseline,reject,1,0.15,0.0,0.5,0.7,0.8,0.85
canonical-pair8a-session,canonical,,,invalid,reject,evidence-graph-baseline,needs_manual_review,0,0.15,0.0,0.5,0.7,0.8,0.5
canonical-pair8b-session,canonical,,,invalid,reject,evidence-graph-baseline,reject,1,0.15,0.0,0.5,0.7,0.8,0.85
canonical-pathtrav-017,canonical,,,valid,accept,evidence-graph-baseline,accept,1,0.65,1.0,1.0,1.0,0.8,0.69
canonical-perm-012,canonical,,,review,needs_manual_review,evidence-graph-baseline,needs_manual_review,1,0.65,1.0,0.75,1.0,0.8,0.5
canonical-permdiff-020,canonical,,,review,needs_manual_review,evidence-graph-baseline,needs_manual_review,1,0.65,1.0,0.75,1.0,0.8,0.5
canonical-racecond-018,canonical,,,valid,accept,evidence-graph-baseline,accept,1,0.65,1.0,1.0,1.0,0.8,0.69
canonical-ratelimit-010,canonical,,,review,needs_manual_review,evidence-graph-baseline,needs_manual_review,1,0.65,1.0,0.75,1.0,0.8,0.5
canonical-ratelimit2-032,canonical,,,review,needs_manual_review,evidence-graph-baseline,needs_manual_review,1,0.65,1.0,0.75,1.0,0.8,0.5
canonical-robots-022,canonical,,,invalid,reject,evidence-graph-baseline,reject,1,0.35,0.95,0.875,1.0,0.8,0.85
canonical-saml-019,canonical,,,valid,accept,evidence-graph-baseline,accept,1,0.65,1.0,1.0,1.0,0.8,0.69
canonical-selfreg-023,canonical,,,invalid,reject,evidence-graph-baseline,accept,0,0.65,1.0,1.0,1.0,0.8,0.69
canonical-sqlx-002,canonical,,,valid,accept,evidence-graph-baseline,accept,1,0.65,1.0,1.0,1.0,0.8,0.69
canonical-ssrf-005,canonical,,,valid,accept,evidence-graph-baseline,accept,1,0.65,1.0,1.0,1.0,0.8,0.69
canonical-tokenurl-013,canonical,,,valid,accept,evidence-graph-baseline,accept,1,0.65,1.0,1.0,1.0,0.8,0.69
canonical-totiming-019,canonical,,,review,needs_manual_review,evidence-graph-baseline,needs_manual_review,1,0.65,1.0,0.75,1.0,0.8,0.5
canonical-verb-021,canonical,,,invalid,reject,evidence-graph-baseline,reject,1,0.15,0.0,0.5,0.4666666666666666,0.8,0.85
canonical-versiondisc-024,canonical,,,invalid,reject,evidence-graph-baseline,reject,1,0.35,0.95,0.875,0.7666666666666666,0.8,0.85
canonical-websig-018,canonical,,,valid,accept,evidence-graph-baseline,accept,1,0.65,1.0,1.0,1.0,0.8,0.69
canonical-wstoken-022,canonical,,,review,needs_manual_review,evidence-graph-baseline,reject,0,0.35,0.95,0.625,1.0,0.8,0.85
canonical-xsrf-003,canonical,,,valid,accept,evidence-graph-baseline,accept,1,0.65,1.0,1.0,1.0,0.8,0.69
canonical-xssref-016,canonical,,,valid,accept,evidence-graph-baseline,accept,1,0.65,1.0,1.0,1.0,0.8,0.69
canonical-xsssto-013,canonical,,,valid,accept,evidence-graph-baseline,accept,1,0.65,1.0,1.0,1.0,0.8,0.69
mut-authz-001-confidence-overstatement-07,mutated,canonical-authz-001,confidence_overstatement,valid,accept,evidence-graph-baseline,accept,1,0.65,1.0,1.0,1.0,0.8,0.69
mut-authz-001-fabricate-reference-08,mutated,canonical-authz-001,fabricate_reference,valid,needs_manual_review,evidence-graph-baseline,accept,0,0.65,1.0,1.0,1.0,0.8,0.69
mut-authz-001-impact-inflation-03,mutated,canonical-authz-001,impact_inflation,valid,needs_manual_review,evidence-graph-baseline,accept,0,0.65,1.0,1.0,1.0,0.8,0.69
mut-authz-001-invent-api-identifier-05,mutated,canonical-authz-001,invent_api_identifier,valid,needs_manual_review,evidence-graph-baseline,accept,0,0.65,1.0,1.0,1.0,0.8,0.69
mut-authz-001-professionalize-language-06,mutated,canonical-authz-001,professionalize_language,valid,accept,evidence-graph-baseline,accept,1,0.65,1.0,1.0,1.0,0.8,0.69
mut-authz-001-remove-affected-version-02,mutated,canonical-authz-001,remove_affected_version,valid,accept,evidence-graph-baseline,accept,1,0.65,1.0,1.0,1.0,0.8,0.69
mut-authz-001-remove-reproduction-step-01,mutated,canonical-authz-001,remove_reproduction_step,valid,needs_manual_review,evidence-graph-baseline,accept,0,0.65,1.0,1.0,1.0,0.8,0.69
mut-authz-001-scope-expansion-04,mutated,canonical-authz-001,scope_expansion,valid,needs_manual_review,evidence-graph-baseline,accept,0,0.65,1.0,1.0,1.0,0.8,0.69
mut-authz2-014-confidence-overstatement-06,mutated,canonical-authz2-014,confidence_overstatement,valid,accept,evidence-graph-baseline,accept,1,0.65,1.0,1.0,1.0,0.8,0.69
mut-authz2-014-fabricate-reference-07,mutated,canonical-authz2-014,fabricate_reference,valid,needs_manual_review,evidence-graph-baseline,accept,0,0.65,1.0,1.0,1.0,0.8,0.69
mut-authz2-014-impact-inflation-02,mutated,canonical-authz2-014,impact_inflation,valid,needs_manual_review,evidence-graph-baseline,accept,0,0.65,1.0,1.0,1.0,0.8,0.69
mut-authz2-014-invent-api-identifier-04,mutated,canonical-authz2-014,invent_api_identifier,valid,needs_manual_review,evidence-graph-baseline,accept,0,0.65,1.0,1.0,1.0,0.8,0.69
mut-authz2-014-misattribute-cve-08,mutated,canonical-authz2-014,misattribute_cve,valid,needs_manual_review,evidence-graph-baseline,accept,0,0.65,1.0,1.0,1.0,0.8,0.69
mut-authz2-014-professionalize-language-05,mutated,canonical-authz2-014,professionalize_language,valid,accept,evidence-graph-baseline,accept,1,0.65,1.0,1.0,1.0,0.8,0.69
mut-authz2-014-remove-affected-version-01,mutated,canonical-authz2-014,remove_affected_version,valid,accept,evidence-graph-baseline,accept,1,0.65,1.0,1.0,1.0,0.8,0.69
mut-authz2-014-scope-expansion-03,mutated,canonical-authz2-014,scope_expansion,valid,needs_manual_review,evidence-graph-baseline,accept,0,0.65,1.0,1.0,1.0,0.8,0.69
mut-cachehdr-024-add-irrelevant-detail-05,mutated,canonical-cachehdr-024,add_irrelevant_detail,review,needs_manual_review,evidence-graph-baseline,accept,0,0.65,1.0,1.0,1.0,0.8,0.69
mut-cachehdr-024-confidence-overstatement-03,mutated,canonical-cachehdr-024,confidence_overstatement,review,needs_manual_review,evidence-graph-baseline,accept,0,0.65,1.0,1.0,1.0,0.8,0.69
mut-cachehdr-024-professionalize-language-04,mutated,canonical-cachehdr-024,professionalize_language,review,needs_manual_review,evidence-graph-baseline,accept,0,0.65,1.0,1.0,1.0,0.8,0.69
mut-cachehdr-024-remove-affected-version-02,mutated,canonical-cachehdr-024,remove_affected_version,review,needs_manual_review,evidence-graph-baseline,accept,0,0.65,1.0,1.0,1.0,0.8,0.69
mut-cachehdr-024-remove-reproduction-step-01,mutated,canonical-cachehdr-024,remove_reproduction_step,review,needs_manual_review,evidence-graph-baseline,accept,0,0.65,1.0,1.0,1.0,0.8,0.69
mut-cachepois-027-add-irrelevant-detail-04,mutated,canonical-cachepois-027,add_irrelevant_detail,review,needs_manual_review,evidence-graph-baseline,needs_manual_review,1,0.15,0.0,0.25,0.7,0.8,0.5
mut-cachepois-027-confidence-overstatement-02,mutated,canonical-cachepois-027,confidence_overstatement,review,needs_manual_review,evidence-graph-baseline,needs_manual_review,1,0.15,0.0,0.25,0.7,0.8,0.5
mut-cachepois-027-professionalize-language-03,mutated,canonical-cachepois-027,professionalize_language,review,needs_manual_review,evidence-graph-baseline,needs_manual_review,1,0.15,0.0,0.25,0.7,0.8,0.5
mut-cachepois-027-remove-affected-version-01,mutated,canonical-cachepois-027,remove_affected_version,review,needs_manual_review,evidence-graph-baseline,needs_manual_review,1,0.15,0.0,0.25,0.7,0.8,0.5
mut-cachepois-027-remove-reproduction-step-05,mutated,canonical-cachepois-027,remove_reproduction_step,review,needs_manual_review,evidence-graph-baseline,needs_manual_review,1,0.15,0.0,0.25,0.4666666666666666,0.8,0.5
mut-corswild-025-add-irrelevant-detail-03,mutated,canonical-corswild-025,add_irrelevant_detail,invalid,reject,evidence-graph-baseline,reject,1,0.35,0.95,0.875,0.7666666666666666,0.8,0.85
mut-corswild-025-confidence-overstatement-02,mutated,canonical-corswild-025,confidence_overstatement,invalid,reject,evidence-graph-baseline,reject,1,0.35,0.95,0.875,0.7666666666666666,0.8,0.85
mut-corswild-025-professionalize-language-01,mutated,canonical-corswild-025,professionalize_language,invalid,reject,evidence-graph-baseline,reject,1,0.35,0.95,0.875,0.7666666666666666,0.8,0.85
mut-corswild-025-scope-expansion-04,mutated,canonical-corswild-025,scope_expansion,invalid,reject,evidence-graph-baseline,reject,1,0.35,0.95,0.875,0.7666666666666666,0.8,0.85
mut-crypto-011-add-irrelevant-detail-03,mutated,canonical-crypto-011,add_irrelevant_detail,review,needs_manual_review,evidence-graph-baseline,needs_manual_review,1,0.65,1.0,0.75,1.0,0.8,0.5
mut-crypto-011-confidence-overstatement-01,mutated,canonical-crypto-011,confidence_overstatement,review,needs_manual_review,evidence-graph-baseline,needs_manual_review,1,0.65,1.0,0.75,1.0,0.8,0.5
mut-crypto-011-professionalize-language-02,mutated,canonical-crypto-011,professionalize_language,review,needs_manual_review,evidence-graph-baseline,needs_manual_review,1,0.65,1.0,0.75,1.0,0.8,0.5
mut-crypto-011-remove-affected-version-05,mutated,canonical-crypto-011,remove_affected_version,review,needs_manual_review,evidence-graph-baseline,needs_manual_review,1,0.65,1.0,0.75,1.0,0.8,0.5
mut-crypto-011-remove-reproduction-step-04,mutated,canonical-crypto-011,remove_reproduction_step,review,needs_manual_review,evidence-graph-baseline,needs_manual_review,1,0.65,1.0,0.75,0.7666666666666666,0.8,0.5
mut-cspnonc-021-add-irrelevant-detail-02,mutated,canonical-cspnonc-021,add_irrelevant_detail,review,needs_manual_review,evidence-graph-baseline,needs_manual_review,1,0.65,1.0,0.75,1.0,0.8,0.5
mut-cspnonc-021-confidence-overstatement-05,mutated,canonical-cspnonc-021,confidence_overstatement,review,needs_manual_review,evidence-graph-baseline,needs_manual_review,1,0.65,1.0,0.75,1.0,0.8,0.5
mut-cspnonc-021-professionalize-language-01,mutated,canonical-cspnonc-021,professionalize_language,review,needs_manual_review,evidence-graph-baseline,needs_manual_review,1,0.65,1.0,0.75,1.0,0.8,0.5
mut-cspnonc-021-remove-affected-version-04,mutated,canonical-cspnonc-021,remove_affected_version,review,needs_manual_review,evidence-graph-baseline,needs_manual_review,1,0.65,1.0,0.75,1.0,0.8,0.5
mut-cspnonc-021-remove-reproduction-step-03,mutated,canonical-cspnonc-021,remove_reproduction_step,review,needs_manual_review,evidence-graph-baseline,needs_manual_review,1,0.65,1.0,0.75,0.7666666666666666,0.8,0.5
mut-csvinj-017-confidence-overstatement-05,mutated,canonical-csvinj-017,confidence_overstatement,valid,accept,evidence-graph-baseline,accept,1,0.65,1.0,1.0,1.0,0.8,0.69
mut-csvinj-017-fabricate-reference-06,mutated,canonical-csvinj-017,fabricate_reference,valid,needs_manual_review,evidence-graph-baseline,accept,0,0.65,1.0,1.0,1.0,0.8,0.69
mut-csvinj-017-impact-inflation-01,mutated,canonical-csvinj-017,impact_inflation,valid,needs_manual_review,evidence-graph-baseline,accept,0,0.65,1.0,1.0,1.0,0.8,0.69
mut-csvinj-017-impossible-precondition-08,mutated,canonical-csvinj-017,impossible_precondition,valid,reject,evidence-graph-baseline,accept,0,0.65,1.0,1.0,1.0,0.8,0.69
mut-csvinj-017-invent-api-identifier-03,mutated,canonical-csvinj-017,invent_api_identifier,valid,needs_manual_review,evidence-graph-baseline,accept,0,0.65,1.0,1.0,1.0,0.8,0.69
mut-csvinj-017-misattribute-cve-07,mutated,canonical-csvinj-017,misattribute_cve,valid,needs_manual_review,evidence-graph-baseline,accept,0,0.65,1.0,1.0,1.0,0.8,0.69
mut-csvinj-017-professionalize-language-04,mutated,canonical-csvinj-017,professionalize_language,valid,accept,evidence-graph-baseline,accept,1,0.65,1.0,1.0,1.0,0.8,0.69
mut-csvinj-017-scope-expansion-02,mutated,canonical-csvinj-017,scope_expansion,valid,needs_manual_review,evidence-graph-baseline,accept,0,0.65,1.0,1.0,1.0,0.8,0.69
mut-deserial-030-add-irrelevant-detail-01,mutated,canonical-deserial-030,add_irrelevant_detail,review,needs_manual_review,evidence-graph-baseline,needs_manual_review,1,0.65,1.0,0.75,1.0,0.8,0.5
mut-deserial-030-confidence-overstatement-04,mutated,canonical-deserial-030,confidence_overstatement,review,needs_manual_review,evidence-graph-baseline,needs_manual_review,1,0.65,1.0,0.75,1.0,0.8,0.5
mut-deserial-030-professionalize-language-05,mutated,canonical-deserial-030,professionalize_language,review,needs_manual_review,evidence-graph-baseline,needs_manual_review,1,0.65,1.0,0.75,1.0,0.8,0.5
mut-deserial-030-remove-affected-version-03,mutated,canonical-deserial-030,remove_affected_version,review,needs_manual_review,evidence-graph-baseline,needs_manual_review,1,0.65,1.0,0.75,1.0,0.8,0.5
mut-deserial-030-remove-reproduction-step-02,mutated,canonical-deserial-030,remove_reproduction_step,review,needs_manual_review,evidence-graph-baseline,needs_manual_review,1,0.65,1.0,0.75,0.7666666666666666,0.8,0.5
mut-dup-007-add-irrelevant-detail-02,mutated,canonical-dup-007,add_irrelevant_detail,invalid,reject,evidence-graph-baseline,reject,1,0.15,0.0,0.5,0.7,0.8,0.85
mut-dup-007-confidence-overstatement-01,mutated,canonical-dup-007,confidence_overstatement,invalid,reject,evidence-graph-baseline,reject,1,0.15,0.0,0.5,0.7,0.8,0.85
mut-dup-007-professionalize-language-04,mutated,canonical-dup-007,professionalize_language,invalid,reject,evidence-graph-baseline,reject,1,0.15,0.0,0.5,0.7,0.8,0.85
mut-dup-007-scope-expansion-03,mutated,canonical-dup-007,scope_expansion,invalid,reject,evidence-graph-baseline,reject,1,0.15,0.0,0.5,0.7,0.8,0.85
mut-filetype-023-add-irrelevant-detail-05,mutated,canonical-filetype-023,add_irrelevant_detail,review,needs_manual_review,evidence-graph-baseline,needs_manual_review,1,0.65,1.0,0.75,1.0,0.8,0.5
mut-filetype-023-confidence-overstatement-03,mutated,canonical-filetype-023,confidence_overstatement,review,needs_manual_review,evidence-graph-baseline,needs_manual_review,1,0.65,1.0,0.75,1.0,0.8,0.5
mut-filetype-023-professionalize-language-04,mutated,canonical-filetype-023,professionalize_language,review,needs_manual_review,evidence-graph-baseline,needs_manual_review,1,0.65,1.0,0.75,1.0,0.8,0.5
mut-filetype-023-remove-affected-version-02,mutated,canonical-filetype-023,remove_affected_version,review,needs_manual_review,evidence-graph-baseline,needs_manual_review,1,0.65,1.0,0.75,1.0,0.8,0.5
mut-filetype-023-remove-reproduction-step-01,mutated,canonical-filetype-023,remove_reproduction_step,review,needs_manual_review,evidence-graph-baseline,needs_manual_review,1,0.65,1.0,0.75,1.0,0.8,0.5
mut-ghauthz-015-confidence-overstatement-04,mutated,canonical-ghauthz-015,confidence_overstatement,valid,accept,evidence-graph-baseline,accept,1,0.65,1.0,1.0,1.0,0.8,0.69
mut-ghauthz-015-contradict-observed-result-08,mutated,canonical-ghauthz-015,contradict_observed_result,valid,reject,evidence-graph-baseline,reject,1,0.65,0.75,0.875,1.0,0.8,0.85
mut-ghauthz-015-fabricate-reference-05,mutated,canonical-ghauthz-015,fabricate_reference,valid,needs_manual_review,evidence-graph-baseline,accept,0,0.65,1.0,1.0,1.0,0.8,0.69
mut-ghauthz-015-impossible-precondition-07,mutated,canonical-ghauthz-015,impossible_precondition,valid,reject,evidence-graph-baseline,accept,0,0.65,1.0,1.0,1.0,0.8,0.69
mut-ghauthz-015-invent-api-identifier-02,mutated,canonical-ghauthz-015,invent_api_identifier,valid,needs_manual_review,evidence-graph-baseline,accept,0,0.65,1.0,1.0,1.0,0.8,0.69
mut-ghauthz-015-misattribute-cve-06,mutated,canonical-ghauthz-015,misattribute_cve,valid,needs_manual_review,evidence-graph-baseline,accept,0,0.65,1.0,1.0,1.0,0.8,0.69
mut-ghauthz-015-professionalize-language-03,mutated,canonical-ghauthz-015,professionalize_language,valid,accept,evidence-graph-baseline,accept,1,0.65,1.0,1.0,1.0,0.8,0.69
mut-ghauthz-015-scope-expansion-01,mutated,canonical-ghauthz-015,scope_expansion,valid,needs_manual_review,evidence-graph-baseline,accept,0,0.65,1.0,1.0,1.0,0.8,0.69
mut-graphql-028-add-irrelevant-detail-04,mutated,canonical-graphql-028,add_irrelevant_detail,review,needs_manual_review,evidence-graph-baseline,reject,0,0.35,0.95,0.625,0.7666666666666666,0.8,0.85
mut-graphql-028-confidence-overstatement-02,mutated,canonical-graphql-028,confidence_overstatement,review,needs_manual_review,evidence-graph-baseline,reject,0,0.35,0.95,0.625,0.7666666666666666,0.8,0.85
mut-graphql-028-professionalize-language-03,mutated,canonical-graphql-028,professionalize_language,review,needs_manual_review,evidence-graph-baseline,reject,0,0.35,0.95,0.625,0.7666666666666666,0.8,0.85
mut-graphql-028-remove-affected-version-01,mutated,canonical-graphql-028,remove_affected_version,review,needs_manual_review,evidence-graph-baseline,reject,0,0.35,0.95,0.625,0.7666666666666666,0.8,0.85
mut-graphql-028-remove-reproduction-step-05,mutated,canonical-graphql-028,remove_reproduction_step,review,needs_manual_review,evidence-graph-baseline,reject,0,0.15,0.55,0.5,0.2333333333333333,0.8,0.85
mut-headermiss-020-add-irrelevant-detail-01,mutated,canonical-headermiss-020,add_irrelevant_detail,invalid,reject,evidence-graph-baseline,needs_manual_review,0,0.15,0.0,0.5,0.4666666666666666,0.8,0.5
mut-headermiss-020-confidence-overstatement-04,mutated,canonical-headermiss-020,confidence_overstatement,invalid,reject,evidence-graph-baseline,needs_manual_review,0,0.15,0.0,0.5,0.4666666666666666,0.8,0.5
mut-headermiss-020-professionalize-language-03,mutated,canonical-headermiss-020,professionalize_language,invalid,reject,evidence-graph-baseline,needs_manual_review,0,0.15,0.0,0.5,0.4666666666666666,0.8,0.5
mut-headermiss-020-scope-expansion-02,mutated,canonical-headermiss-020,scope_expansion,invalid,reject,evidence-graph-baseline,needs_manual_review,0,0.15,0.0,0.5,0.4666666666666666,0.8,0.5
mut-idor-004-add-irrelevant-detail-08,mutated,canonical-idor-004,add_irrelevant_detail,valid,accept,evidence-graph-baseline,accept,1,0.65,1.0,1.0,1.0,0.8,0.69
mut-idor-004-confidence-overstatement-03,mutated,canonical-idor-004,confidence_overstatement,valid,accept,evidence-graph-baseline,accept,1,0.65,1.0,1.0,1.0,0.8,0.69
mut-idor-004-contradict-observed-result-07,mutated,canonical-idor-004,contradict_observed_result,valid,reject,evidence-graph-baseline,reject,1,0.65,0.75,0.875,1.0,0.8,0.85
mut-idor-004-fabricate-reference-04,mutated,canonical-idor-004,fabricate_reference,valid,needs_manual_review,evidence-graph-baseline,accept,0,0.65,1.0,1.0,1.0,0.8,0.69
mut-idor-004-impossible-precondition-06,mutated,canonical-idor-004,impossible_precondition,valid,reject,evidence-graph-baseline,accept,0,0.65,1.0,1.0,1.0,0.8,0.69
mut-idor-004-invent-api-identifier-01,mutated,canonical-idor-004,invent_api_identifier,valid,needs_manual_review,evidence-graph-baseline,accept,0,0.65,1.0,1.0,1.0,0.8,0.69
mut-idor-004-misattribute-cve-05,mutated,canonical-idor-004,misattribute_cve,valid,needs_manual_review,evidence-graph-baseline,accept,0,0.65,1.0,1.0,1.0,0.8,0.69
mut-idor-004-professionalize-language-02,mutated,canonical-idor-004,professionalize_language,valid,accept,evidence-graph-baseline,accept,1,0.65,1.0,1.0,1.0,0.8,0.69
mut-info-006-add-irrelevant-detail-04,mutated,canonical-info-006,add_irrelevant_detail,invalid,reject,evidence-graph-baseline,needs_manual_review,0,0.15,0.0,0.5,0.7,0.8,0.5
mut-info-006-confidence-overstatement-03,mutated,canonical-info-006,confidence_overstatement,invalid,reject,evidence-graph-baseline,needs_manual_review,0,0.15,0.0,0.5,0.7,0.8,0.5
mut-info-006-professionalize-language-02,mutated,canonical-info-006,professionalize_language,invalid,reject,evidence-graph-baseline,needs_manual_review,0,0.15,0.0,0.5,0.7,0.8,0.5
mut-info-006-scope-expansion-01,mutated,canonical-info-006,scope_expansion,invalid,reject,evidence-graph-baseline,needs_manual_review,0,0.15,0.0,0.5,0.7,0.8,0.5
mut-infodisc-016-add-irrelevant-detail-07,mutated,canonical-infodisc-016,add_irrelevant_detail,valid,accept,evidence-graph-baseline,accept,1,0.65,1.0,1.0,0.7666666666666666,0.8,0.643
mut-infodisc-016-confidence-overstatement-02,mutated,canonical-infodisc-016,confidence_overstatement,valid,accept,evidence-graph-baseline,accept,1,0.65,1.0,1.0,0.7666666666666666,0.8,0.643
mut-infodisc-016-contradict-observed-result-06,mutated,canonical-infodisc-016,contradict_observed_result,valid,reject,evidence-graph-baseline,reject,1,0.65,0.75,0.875,0.7666666666666666,0.8,0.85
mut-infodisc-016-fabricate-reference-03,mutated,canonical-infodisc-016,fabricate_reference,valid,needs_manual_review,evidence-graph-baseline,accept,0,0.65,1.0,1.0,0.7666666666666666,0.8,0.643
mut-infodisc-016-impossible-precondition-05,mutated,canonical-infodisc-016,impossible_precondition,valid,reject,evidence-graph-baseline,accept,0,0.65,1.0,1.0,0.7666666666666666,0.8,0.643
mut-infodisc-016-misattribute-cve-04,mutated,canonical-infodisc-016,misattribute_cve,valid,needs_manual_review,evidence-graph-baseline,accept,0,0.65,1.0,1.0,0.7666666666666666,0.8,0.643
mut-infodisc-016-professionalize-language-01,mutated,canonical-infodisc-016,professionalize_language,valid,accept,evidence-graph-baseline,accept,1,0.65,1.0,1.0,0.7666666666666666,0.8,0.643
mut-infodisc-016-remove-reproduction-step-08,mutated,canonical-infodisc-016,remove_reproduction_step,valid,needs_manual_review,evidence-graph-baseline,needs_manual_review,1,0.45,0.6,0.875,0.2333333333333333,0.8,0.5
mut-jwtalg-026-add-irrelevant-detail-03,mutated,canonical-jwtalg-026,add_irrelevant_detail,review,needs_manual_review,evidence-graph-baseline,needs_manual_review,1,0.65,1.0,0.75,1.0,0.8,0.5
mut-jwtalg-026-confidence-overstatement-01,mutated,canonical-jwtalg-026,confidence_overstatement,review,needs_manual_review,evidence-graph-baseline,needs_manual_review,1,0.65,1.0,0.75,1.0,0.8,0.5
mut-jwtalg-026-professionalize-language-02,mutated,canonical-jwtalg-026,professionalize_language,review,needs_manual_review,evidence-graph-baseline,needs_manual_review,1,0.65,1.0,0.75,1.0,0.8,0.5
mut-jwtalg-026-remove-affected-version-05,mutated,canonical-jwtalg-026,remove_affected_version,review,needs_manual_review,evidence-graph-baseline,needs_manual_review,1,0.65,1.0,0.75,1.0,0.8,0.5
mut-jwtalg-026-remove-reproduction-step-04,mutated,canonical-jwtalg-026,remove_reproduction_step,review,needs_manual_review,evidence-graph-baseline,needs_manual_review,1,0.65,1.0,0.75,0.7666666666666666,0.8,0.5
mut-loginject-031-add-irrelevant-detail-02,mutated,canonical-loginject-031,add_irrelevant_detail,review,needs_manual_review,evidence-graph-baseline,needs_manual_review,1,0.65,1.0,0.75,1.0,0.8,0.5
mut-loginject-031-confidence-overstatement-05,mutated,canonical-loginject-031,confidence_overstatement,review,needs_manual_review,evidence-graph-baseline,needs_manual_review,1,0.65,1.0,0.75,1.0,0.8,0.5
mut-loginject-031-professionalize-language-01,mutated,canonical-loginject-031,professionalize_language,review,needs_manual_review,evidence-graph-baseline,needs_manual_review,1,0.65,1.0,0.75,1.0,0.8,0.5
mut-loginject-031-remove-affected-version-04,mutated,canonical-loginject-031,remove_affected_version,review,needs_manual_review,evidence-graph-baseline,needs_manual_review,1,0.65,1.0,0.75,1.0,0.8,0.5
mut-loginject-031-remove-reproduction-step-03,mutated,canonical-loginject-031,remove_reproduction_step,review,needs_manual_review,evidence-graph-baseline,needs_manual_review,1,0.65,1.0,0.75,0.7666666666666666,0.8,0.5
mut-massign-014-add-irrelevant-detail-06,mutated,canonical-massign-014,add_irrelevant_detail,valid,accept,evidence-graph-baseline,accept,1,0.65,1.0,1.0,1.0,0.8,0.69
mut-massign-014-confidence-overstatement-01,mutated,canonical-massign-014,confidence_overstatement,valid,accept,evidence-graph-baseline,accept,1,0.65,1.0,1.0,1.0,0.8,0.69
mut-massign-014-contradict-observed-result-05,mutated,canonical-massign-014,contradict_observed_result,valid,reject,evidence-graph-baseline,reject,1,0.65,0.75,0.875,1.0,0.8,0.85
mut-massign-014-fabricate-reference-02,mutated,canonical-massign-014,fabricate_reference,valid,needs_manual_review,evidence-graph-baseline,accept,0,0.65,1.0,1.0,1.0,0.8,0.69
mut-massign-014-impossible-precondition-04,mutated,canonical-massign-014,impossible_precondition,valid,reject,evidence-graph-baseline,accept,0,0.65,1.0,1.0,1.0,0.8,0.69
mut-massign-014-misattribute-cve-03,mutated,canonical-massign-014,misattribute_cve,valid,needs_manual_review,evidence-graph-baseline,accept,0,0.65,1.0,1.0,1.0,0.8,0.69
mut-massign-014-remove-affected-version-08,mutated,canonical-massign-014,remove_affected_version,valid,accept,evidence-graph-baseline,accept,1,0.65,1.0,1.0,1.0,0.8,0.69
mut-massign-014-remove-reproduction-step-07,mutated,canonical-massign-014,remove_reproduction_step,valid,needs_manual_review,evidence-graph-baseline,accept,0,0.65,1.0,1.0,0.7666666666666666,0.8,0.643
mut-norepro-009-add-irrelevant-detail-03,mutated,canonical-norepro-009,add_irrelevant_detail,invalid,reject,evidence-graph-baseline,accept,0,0.65,1.0,1.0,1.0,0.8,0.69
mut-norepro-009-confidence-overstatement-02,mutated,canonical-norepro-009,confidence_overstatement,invalid,reject,evidence-graph-baseline,accept,0,0.65,1.0,1.0,1.0,0.8,0.69
mut-norepro-009-professionalize-language-01,mutated,canonical-norepro-009,professionalize_language,invalid,reject,evidence-graph-baseline,accept,0,0.65,1.0,1.0,1.0,0.8,0.69
mut-norepro-009-scope-expansion-04,mutated,canonical-norepro-009,scope_expansion,invalid,reject,evidence-graph-baseline,accept,0,0.65,1.0,1.0,1.0,0.8,0.69
mut-oauthstate-029-add-irrelevant-detail-01,mutated,canonical-oauthstate-029,add_irrelevant_detail,review,needs_manual_review,evidence-graph-baseline,accept,0,0.65,1.0,1.0,1.0,0.8,0.69
mut-oauthstate-029-confidence-overstatement-04,mutated,canonical-oauthstate-029,confidence_overstatement,review,needs_manual_review,evidence-graph-baseline,accept,0,0.65,1.0,1.0,1.0,0.8,0.69
mut-oauthstate-029-professionalize-language-05,mutated,canonical-oauthstate-029,professionalize_language,review,needs_manual_review,evidence-graph-baseline,accept,0,0.65,1.0,1.0,1.0,0.8,0.69
mut-oauthstate-029-remove-affected-version-03,mutated,canonical-oauthstate-029,remove_affected_version,review,needs_manual_review,evidence-graph-baseline,accept,0,0.65,1.0,1.0,1.0,0.8,0.69
mut-oauthstate-029-remove-reproduction-step-02,mutated,canonical-oauthstate-029,remove_reproduction_step,review,needs_manual_review,evidence-graph-baseline,accept,0,0.65,1.0,1.0,0.7666666666666666,0.8,0.643
mut-oob-008-add-irrelevant-detail-02,mutated,canonical-oob-008,add_irrelevant_detail,invalid,reject,evidence-graph-baseline,reject,1,0.15,0.0,0.5,0.7,0.8,0.85
mut-oob-008-confidence-overstatement-01,mutated,canonical-oob-008,confidence_overstatement,invalid,reject,evidence-graph-baseline,reject,1,0.15,0.0,0.5,0.7,0.8,0.85
mut-oob-008-professionalize-language-04,mutated,canonical-oob-008,professionalize_language,invalid,reject,evidence-graph-baseline,reject,1,0.15,0.0,0.5,0.7,0.8,0.85
mut-oob-008-scope-expansion-03,mutated,canonical-oob-008,scope_expansion,invalid,reject,evidence-graph-baseline,reject,1,0.15,0.0,0.5,0.7,0.8,0.85
mut-openred-015-add-irrelevant-detail-05,mutated,canonical-openred-015,add_irrelevant_detail,valid,accept,evidence-graph-baseline,accept,1,0.65,1.0,1.0,1.0,0.8,0.69
mut-openred-015-contradict-observed-result-04,mutated,canonical-openred-015,contradict_observed_result,valid,reject,evidence-graph-baseline,reject,1,0.65,0.75,0.875,1.0,0.8,0.85
mut-openred-015-fabricate-reference-01,mutated,canonical-openred-015,fabricate_reference,valid,needs_manual_review,evidence-graph-baseline,accept,0,0.65,1.0,1.0,1.0,0.8,0.69
mut-openred-015-impact-inflation-08,mutated,canonical-openred-015,impact_inflation,valid,needs_manual_review,evidence-graph-baseline,accept,0,0.65,1.0,1.0,1.0,0.8,0.69
mut-openred-015-impossible-precondition-03,mutated,canonical-openred-015,impossible_precondition,valid,reject,evidence-graph-baseline,accept,0,0.65,1.0,1.0,1.0,0.8,0.69
mut-openred-015-misattribute-cve-02,mutated,canonical-openred-015,misattribute_cve,valid,needs_manual_review,evidence-graph-baseline,accept,0,0.65,1.0,1.0,1.0,0.8,0.69
mut-openred-015-remove-affected-version-07,mutated,canonical-openred-015,remove_affected_version,valid,accept,evidence-graph-baseline,accept,1,0.65,1.0,1.0,1.0,0.8,0.69
mut-openred-015-remove-reproduction-step-06,mutated,canonical-openred-015,remove_reproduction_step,valid,needs_manual_review,evidence-graph-baseline,accept,0,0.65,1.0,1.0,0.7666666666666666,0.8,0.643
mut-pair1a-cookie-professionalize-language-01,mutated,canonical-pair1a-cookie,professionalize_language,invalid,reject,evidence-graph-baseline,reject,1,0.15,0.0,0.5,0.4666666666666666,0.8,0.85
mut-pair1b-cookie-confidence-overstatement-01,mutated,canonical-pair1b-cookie,confidence_overstatement,invalid,reject,evidence-graph-baseline,reject,1,0.15,0.0,0.5,0.7,0.8,0.85
mut-pair2a-dirlist-professionalize-language-01,mutated,canonical-pair2a-dirlist,professionalize_language,invalid,reject,evidence-graph-baseline,needs_manual_review,0,0.15,0.0,0.5,0.4666666666666666,0.8,0.5
mut-pair2b-dirlist-confidence-overstatement-01,mutated,canonical-pair2b-dirlist,confidence_overstatement,invalid,reject,evidence-graph-baseline,reject,1,0.15,0.0,0.5,0.7,0.8,0.85
mut-pair3a-comment-professionalize-language-01,mutated,canonical-pair3a-comment,professionalize_language,invalid,reject,evidence-graph-baseline,needs_manual_review,0,0.15,0.0,0.5,0.7,0.8,0.5
mut-pair3b-comment-confidence-overstatement-01,mutated,canonical-pair3b-comment,confidence_overstatement,invalid,reject,evidence-graph-baseline,reject,1,0.15,0.0,0.5,0.7,0.8,0.85
mut-pair4a-passpol-professionalize-language-01,mutated,canonical-pair4a-passpol,professionalize_language,invalid,reject,evidence-graph-baseline,accept,0,0.65,1.0,1.0,1.0,0.8,0.69
mut-pair4b-passpol-confidence-overstatement-01,mutated,canonical-pair4b-passpol,confidence_overstatement,invalid,reject,evidence-graph-baseline,reject,1,0.15,0.0,0.5,0.7,0.8,0.85
mut-pair5a-health-professionalize-language-01,mutated,canonical-pair5a-health,professionalize_language,invalid,reject,evidence-graph-baseline,needs_manual_review,0,0.15,0.0,0.5,0.4666666666666666,0.8,0.5
mut-pair5b-health-confidence-overstatement-01,mutated,canonical-pair5b-health,confidence_overstatement,invalid,reject,evidence-graph-baseline,reject,1,0.35,0.95,0.875,1.0,0.8,0.85
mut-pair6a-logout-professionalize-language-01,mutated,canonical-pair6a-logout,professionalize_language,invalid,reject,evidence-graph-baseline,needs_manual_review,0,0.15,0.0,0.5,0.7,0.8,0.5
mut-pair6b-logout-confidence-overstatement-01,mutated,canonical-pair6b-logout,confidence_overstatement,invalid,reject,evidence-graph-baseline,reject,1,0.15,0.0,0.5,0.7,0.8,0.85
mut-pair7a-404-professionalize-language-01,mutated,canonical-pair7a-404,professionalize_language,invalid,reject,evidence-graph-baseline,needs_manual_review,0,0.15,0.0,0.5,0.4666666666666666,0.8,0.5
mut-pair7b-404-confidence-overstatement-01,mutated,canonical-pair7b-404,confidence_overstatement,invalid,reject,evidence-graph-baseline,reject,1,0.15,0.0,0.5,0.7,0.8,0.85
mut-pair8a-session-professionalize-language-01,mutated,canonical-pair8a-session,professionalize_language,invalid,reject,evidence-graph-baseline,needs_manual_review,0,0.15,0.0,0.5,0.7,0.8,0.5
mut-pair8b-session-confidence-overstatement-01,mutated,canonical-pair8b-session,confidence_overstatement,invalid,reject,evidence-graph-baseline,reject,1,0.15,0.0,0.5,0.7,0.8,0.85
mut-pathtrav-017-add-irrelevant-detail-04,mutated,canonical-pathtrav-017,add_irrelevant_detail,valid,accept,evidence-graph-baseline,accept,1,0.65,1.0,1.0,1.0,0.8,0.69
mut-pathtrav-017-contradict-observed-result-03,mutated,canonical-pathtrav-017,contradict_observed_result,valid,reject,evidence-graph-baseline,reject,1,0.65,0.75,0.875,1.0,0.8,0.85
mut-pathtrav-017-impact-inflation-07,mutated,canonical-pathtrav-017,impact_inflation,valid,needs_manual_review,evidence-graph-baseline,accept,0,0.65,1.0,1.0,1.0,0.8,0.69
mut-pathtrav-017-impossible-precondition-02,mutated,canonical-pathtrav-017,impossible_precondition,valid,reject,evidence-graph-baseline,accept,0,0.65,1.0,1.0,1.0,0.8,0.69
mut-pathtrav-017-misattribute-cve-01,mutated,canonical-pathtrav-017,misattribute_cve,valid,needs_manual_review,evidence-graph-baseline,accept,0,0.65,1.0,1.0,1.0,0.8,0.69
mut-pathtrav-017-remove-affected-version-06,mutated,canonical-pathtrav-017,remove_affected_version,valid,accept,evidence-graph-baseline,accept,1,0.65,1.0,1.0,1.0,0.8,0.69
mut-pathtrav-017-remove-reproduction-step-05,mutated,canonical-pathtrav-017,remove_reproduction_step,valid,needs_manual_review,evidence-graph-baseline,accept,0,0.65,1.0,1.0,0.7666666666666666,0.8,0.643
mut-pathtrav-017-scope-expansion-08,mutated,canonical-pathtrav-017,scope_expansion,valid,needs_manual_review,evidence-graph-baseline,accept,0,0.65,1.0,1.0,1.0,0.8,0.69
mut-perm-012-add-irrelevant-detail-05,mutated,canonical-perm-012,add_irrelevant_detail,review,needs_manual_review,evidence-graph-baseline,needs_manual_review,1,0.65,1.0,0.75,1.0,0.8,0.5
mut-perm-012-confidence-overstatement-03,mutated,canonical-perm-012,confidence_overstatement,review,needs_manual_review,evidence-graph-baseline,needs_manual_review,1,0.65,1.0,0.75,1.0,0.8,0.5
mut-perm-012-professionalize-language-04,mutated,canonical-perm-012,professionalize_language,review,needs_manual_review,evidence-graph-baseline,needs_manual_review,1,0.65,1.0,0.75,1.0,0.8,0.5
mut-perm-012-remove-affected-version-02,mutated,canonical-perm-012,remove_affected_version,review,needs_manual_review,evidence-graph-baseline,needs_manual_review,1,0.65,1.0,0.75,1.0,0.8,0.5
mut-perm-012-remove-reproduction-step-01,mutated,canonical-perm-012,remove_reproduction_step,review,needs_manual_review,evidence-graph-baseline,needs_manual_review,1,0.65,1.0,0.75,1.0,0.8,0.5
mut-permdiff-020-add-irrelevant-detail-04,mutated,canonical-permdiff-020,add_irrelevant_detail,review,needs_manual_review,evidence-graph-baseline,needs_manual_review,1,0.65,1.0,0.75,1.0,0.8,0.5
mut-permdiff-020-confidence-overstatement-02,mutated,canonical-permdiff-020,confidence_overstatement,review,needs_manual_review,evidence-graph-baseline,needs_manual_review,1,0.65,1.0,0.75,1.0,0.8,0.5
mut-permdiff-020-professionalize-language-03,mutated,canonical-permdiff-020,professionalize_language,review,needs_manual_review,evidence-graph-baseline,needs_manual_review,1,0.65,1.0,0.75,1.0,0.8,0.5
mut-permdiff-020-remove-affected-version-01,mutated,canonical-permdiff-020,remove_affected_version,review,needs_manual_review,evidence-graph-baseline,needs_manual_review,1,0.65,1.0,0.75,1.0,0.8,0.5
mut-permdiff-020-remove-reproduction-step-05,mutated,canonical-permdiff-020,remove_reproduction_step,review,needs_manual_review,evidence-graph-baseline,needs_manual_review,1,0.65,1.0,0.75,0.7666666666666666,0.8,0.5
mut-racecond-018-add-irrelevant-detail-03,mutated,canonical-racecond-018,add_irrelevant_detail,valid,accept,evidence-graph-baseline,accept,1,0.65,1.0,1.0,1.0,0.8,0.69
mut-racecond-018-contradict-observed-result-02,mutated,canonical-racecond-018,contradict_observed_result,valid,reject,evidence-graph-baseline,reject,1,0.65,0.75,0.875,1.0,0.8,0.85
mut-racecond-018-impact-inflation-06,mutated,canonical-racecond-018,impact_inflation,valid,needs_manual_review,evidence-graph-baseline,accept,0,0.65,1.0,1.0,1.0,0.8,0.69
mut-racecond-018-impossible-precondition-01,mutated,canonical-racecond-018,impossible_precondition,valid,reject,evidence-graph-baseline,accept,0,0.65,1.0,1.0,1.0,0.8,0.69
mut-racecond-018-invent-api-identifier-08,mutated,canonical-racecond-018,invent_api_identifier,valid,needs_manual_review,evidence-graph-baseline,accept,0,0.65,1.0,1.0,1.0,0.8,0.69
mut-racecond-018-remove-affected-version-05,mutated,canonical-racecond-018,remove_affected_version,valid,accept,evidence-graph-baseline,accept,1,0.65,1.0,1.0,1.0,0.8,0.69
mut-racecond-018-remove-reproduction-step-04,mutated,canonical-racecond-018,remove_reproduction_step,valid,needs_manual_review,evidence-graph-baseline,accept,0,0.65,1.0,1.0,0.7666666666666666,0.8,0.643
mut-racecond-018-scope-expansion-07,mutated,canonical-racecond-018,scope_expansion,valid,needs_manual_review,evidence-graph-baseline,accept,0,0.65,1.0,1.0,1.0,0.8,0.69
mut-ratelimit-010-add-irrelevant-detail-03,mutated,canonical-ratelimit-010,add_irrelevant_detail,review,needs_manual_review,evidence-graph-baseline,needs_manual_review,1,0.65,1.0,0.75,1.0,0.8,0.5
mut-ratelimit-010-confidence-overstatement-01,mutated,canonical-ratelimit-010,confidence_overstatement,review,needs_manual_review,evidence-graph-baseline,needs_manual_review,1,0.65,1.0,0.75,1.0,0.8,0.5
mut-ratelimit-010-professionalize-language-02,mutated,canonical-ratelimit-010,professionalize_language,review,needs_manual_review,evidence-graph-baseline,needs_manual_review,1,0.65,1.0,0.75,1.0,0.8,0.5
mut-ratelimit-010-remove-affected-version-05,mutated,canonical-ratelimit-010,remove_affected_version,review,needs_manual_review,evidence-graph-baseline,needs_manual_review,1,0.65,1.0,0.75,1.0,0.8,0.5
mut-ratelimit-010-remove-reproduction-step-04,mutated,canonical-ratelimit-010,remove_reproduction_step,review,needs_manual_review,evidence-graph-baseline,needs_manual_review,1,0.65,1.0,0.75,0.7666666666666666,0.8,0.5
mut-ratelimit2-032-add-irrelevant-detail-02,mutated,canonical-ratelimit2-032,add_irrelevant_detail,review,needs_manual_review,evidence-graph-baseline,needs_manual_review,1,0.65,1.0,0.75,1.0,0.8,0.5
mut-ratelimit2-032-confidence-overstatement-05,mutated,canonical-ratelimit2-032,confidence_overstatement,review,needs_manual_review,evidence-graph-baseline,needs_manual_review,1,0.65,1.0,0.75,1.0,0.8,0.5
mut-ratelimit2-032-professionalize-language-01,mutated,canonical-ratelimit2-032,professionalize_language,review,needs_manual_review,evidence-graph-baseline,needs_manual_review,1,0.65,1.0,0.75,1.0,0.8,0.5
mut-ratelimit2-032-remove-affected-version-04,mutated,canonical-ratelimit2-032,remove_affected_version,review,needs_manual_review,evidence-graph-baseline,needs_manual_review,1,0.65,1.0,0.75,1.0,0.8,0.5
mut-ratelimit2-032-remove-reproduction-step-03,mutated,canonical-ratelimit2-032,remove_reproduction_step,review,needs_manual_review,evidence-graph-baseline,needs_manual_review,1,0.65,1.0,0.75,1.0,0.8,0.5
mut-robots-022-add-irrelevant-detail-01,mutated,canonical-robots-022,add_irrelevant_detail,invalid,reject,evidence-graph-baseline,reject,1,0.35,0.95,0.875,1.0,0.8,0.85
mut-robots-022-confidence-overstatement-04,mutated,canonical-robots-022,confidence_overstatement,invalid,reject,evidence-graph-baseline,reject,1,0.35,0.95,0.875,1.0,0.8,0.85
mut-robots-022-professionalize-language-03,mutated,canonical-robots-022,professionalize_language,invalid,reject,evidence-graph-baseline,reject,1,0.35,0.95,0.875,1.0,0.8,0.85
mut-robots-022-scope-expansion-02,mutated,canonical-robots-022,scope_expansion,invalid,reject,evidence-graph-baseline,reject,1,0.35,0.95,0.875,1.0,0.8,0.85
mut-saml-019-add-irrelevant-detail-02,mutated,canonical-saml-019,add_irrelevant_detail,valid,accept,evidence-graph-baseline,accept,1,0.65,1.0,1.0,1.0,0.8,0.69
mut-saml-019-contradict-observed-result-01,mutated,canonical-saml-019,contradict_observed_result,valid,reject,evidence-graph-baseline,reject,1,0.65,0.75,0.875,1.0,0.8,0.85
mut-saml-019-impact-inflation-05,mutated,canonical-saml-019,impact_inflation,valid,needs_manual_review,evidence-graph-baseline,accept,0,0.65,1.0,1.0,1.0,0.8,0.69
mut-saml-019-invent-api-identifier-07,mutated,canonical-saml-019,invent_api_identifier,valid,needs_manual_review,evidence-graph-baseline,accept,0,0.65,1.0,1.0,1.0,0.8,0.69
mut-saml-019-professionalize-language-08,mutated,canonical-saml-019,professionalize_language,valid,accept,evidence-graph-baseline,accept,1,0.65,1.0,1.0,1.0,0.8,0.69
mut-saml-019-remove-affected-version-04,mutated,canonical-saml-019,remove_affected_version,valid,accept,evidence-graph-baseline,accept,1,0.65,1.0,1.0,1.0,0.8,0.69
mut-saml-019-remove-reproduction-step-03,mutated,canonical-saml-019,remove_reproduction_step,valid,needs_manual_review,evidence-graph-baseline,accept,0,0.65,1.0,1.0,0.7666666666666666,0.8,0.643
mut-saml-019-scope-expansion-06,mutated,canonical-saml-019,scope_expansion,valid,needs_manual_review,evidence-graph-baseline,accept,0,0.65,1.0,1.0,1.0,0.8,0.69
mut-selfreg-023-add-irrelevant-detail-04,mutated,canonical-selfreg-023,add_irrelevant_detail,invalid,reject,evidence-graph-baseline,accept,0,0.65,1.0,1.0,1.0,0.8,0.69
mut-selfreg-023-confidence-overstatement-03,mutated,canonical-selfreg-023,confidence_overstatement,invalid,reject,evidence-graph-baseline,accept,0,0.65,1.0,1.0,1.0,0.8,0.69
mut-selfreg-023-professionalize-language-02,mutated,canonical-selfreg-023,professionalize_language,invalid,reject,evidence-graph-baseline,accept,0,0.65,1.0,1.0,1.0,0.8,0.69
mut-selfreg-023-scope-expansion-01,mutated,canonical-selfreg-023,scope_expansion,invalid,reject,evidence-graph-baseline,accept,0,0.65,1.0,1.0,1.0,0.8,0.69
mut-sqlx-002-add-irrelevant-detail-01,mutated,canonical-sqlx-002,add_irrelevant_detail,valid,accept,evidence-graph-baseline,accept,1,0.65,1.0,1.0,1.0,0.8,0.69
mut-sqlx-002-confidence-overstatement-08,mutated,canonical-sqlx-002,confidence_overstatement,valid,accept,evidence-graph-baseline,accept,1,0.65,1.0,1.0,1.0,0.8,0.69
mut-sqlx-002-impact-inflation-04,mutated,canonical-sqlx-002,impact_inflation,valid,needs_manual_review,evidence-graph-baseline,accept,0,0.65,1.0,1.0,1.0,0.8,0.69
mut-sqlx-002-invent-api-identifier-06,mutated,canonical-sqlx-002,invent_api_identifier,valid,needs_manual_review,evidence-graph-baseline,accept,0,0.65,1.0,1.0,1.0,0.8,0.69
mut-sqlx-002-professionalize-language-07,mutated,canonical-sqlx-002,professionalize_language,valid,accept,evidence-graph-baseline,accept,1,0.65,1.0,1.0,1.0,0.8,0.69
mut-sqlx-002-remove-affected-version-03,mutated,canonical-sqlx-002,remove_affected_version,valid,accept,evidence-graph-baseline,accept,1,0.65,1.0,1.0,1.0,0.8,0.69
mut-sqlx-002-remove-reproduction-step-02,mutated,canonical-sqlx-002,remove_reproduction_step,valid,needs_manual_review,evidence-graph-baseline,accept,0,0.65,1.0,1.0,0.7666666666666666,0.8,0.643
mut-sqlx-002-scope-expansion-05,mutated,canonical-sqlx-002,scope_expansion,valid,needs_manual_review,evidence-graph-baseline,accept,0,0.65,1.0,1.0,1.0,0.8,0.69
mut-ssrf-005-confidence-overstatement-07,mutated,canonical-ssrf-005,confidence_overstatement,valid,accept,evidence-graph-baseline,accept,1,0.65,1.0,1.0,1.0,0.8,0.69
mut-ssrf-005-fabricate-reference-08,mutated,canonical-ssrf-005,fabricate_reference,valid,needs_manual_review,evidence-graph-baseline,accept,0,0.65,1.0,1.0,1.0,0.8,0.69
mut-ssrf-005-impact-inflation-03,mutated,canonical-ssrf-005,impact_inflation,valid,needs_manual_review,evidence-graph-baseline,accept,0,0.65,1.0,1.0,1.0,0.8,0.69
mut-ssrf-005-invent-api-identifier-05,mutated,canonical-ssrf-005,invent_api_identifier,valid,needs_manual_review,evidence-graph-baseline,accept,0,0.65,1.0,1.0,1.0,0.8,0.69
mut-ssrf-005-professionalize-language-06,mutated,canonical-ssrf-005,professionalize_language,valid,accept,evidence-graph-baseline,accept,1,0.65,1.0,1.0,1.0,0.8,0.69
mut-ssrf-005-remove-affected-version-02,mutated,canonical-ssrf-005,remove_affected_version,valid,accept,evidence-graph-baseline,accept,1,0.65,1.0,1.0,1.0,0.8,0.69
mut-ssrf-005-remove-reproduction-step-01,mutated,canonical-ssrf-005,remove_reproduction_step,valid,needs_manual_review,evidence-graph-baseline,accept,0,0.65,1.0,1.0,0.7666666666666666,0.8,0.643
mut-ssrf-005-scope-expansion-04,mutated,canonical-ssrf-005,scope_expansion,valid,needs_manual_review,evidence-graph-baseline,accept,0,0.65,1.0,1.0,1.0,0.8,0.69
mut-tokenurl-013-confidence-overstatement-06,mutated,canonical-tokenurl-013,confidence_overstatement,valid,accept,evidence-graph-baseline,accept,1,0.65,1.0,1.0,1.0,0.8,0.69
mut-tokenurl-013-fabricate-reference-07,mutated,canonical-tokenurl-013,fabricate_reference,valid,needs_manual_review,evidence-graph-baseline,accept,0,0.65,1.0,1.0,1.0,0.8,0.69
mut-tokenurl-013-impact-inflation-02,mutated,canonical-tokenurl-013,impact_inflation,valid,needs_manual_review,evidence-graph-baseline,accept,0,0.65,1.0,1.0,1.0,0.8,0.69
mut-tokenurl-013-invent-api-identifier-04,mutated,canonical-tokenurl-013,invent_api_identifier,valid,needs_manual_review,evidence-graph-baseline,accept,0,0.65,1.0,1.0,1.0,0.8,0.69
mut-tokenurl-013-misattribute-cve-08,mutated,canonical-tokenurl-013,misattribute_cve,valid,needs_manual_review,evidence-graph-baseline,accept,0,0.65,1.0,1.0,1.0,0.8,0.69
mut-tokenurl-013-professionalize-language-05,mutated,canonical-tokenurl-013,professionalize_language,valid,accept,evidence-graph-baseline,accept,1,0.65,1.0,1.0,1.0,0.8,0.69
mut-tokenurl-013-remove-affected-version-01,mutated,canonical-tokenurl-013,remove_affected_version,valid,accept,evidence-graph-baseline,accept,1,0.65,1.0,1.0,1.0,0.8,0.69
mut-tokenurl-013-scope-expansion-03,mutated,canonical-tokenurl-013,scope_expansion,valid,needs_manual_review,evidence-graph-baseline,accept,0,0.65,1.0,1.0,1.0,0.8,0.69
mut-totiming-019-add-irrelevant-detail-01,mutated,canonical-totiming-019,add_irrelevant_detail,review,needs_manual_review,evidence-graph-baseline,needs_manual_review,1,0.65,1.0,0.75,1.0,0.8,0.5
mut-totiming-019-confidence-overstatement-04,mutated,canonical-totiming-019,confidence_overstatement,review,needs_manual_review,evidence-graph-baseline,needs_manual_review,1,0.65,1.0,0.75,1.0,0.8,0.5
mut-totiming-019-professionalize-language-05,mutated,canonical-totiming-019,professionalize_language,review,needs_manual_review,evidence-graph-baseline,needs_manual_review,1,0.65,1.0,0.75,1.0,0.8,0.5
mut-totiming-019-remove-affected-version-03,mutated,canonical-totiming-019,remove_affected_version,review,needs_manual_review,evidence-graph-baseline,needs_manual_review,1,0.65,1.0,0.75,1.0,0.8,0.5
mut-totiming-019-remove-reproduction-step-02,mutated,canonical-totiming-019,remove_reproduction_step,review,needs_manual_review,evidence-graph-baseline,needs_manual_review,1,0.65,1.0,0.75,0.7666666666666666,0.8,0.5
mut-verb-021-add-irrelevant-detail-03,mutated,canonical-verb-021,add_irrelevant_detail,invalid,reject,evidence-graph-baseline,reject,1,0.15,0.0,0.5,0.4666666666666666,0.8,0.85
mut-verb-021-confidence-overstatement-02,mutated,canonical-verb-021,confidence_overstatement,invalid,reject,evidence-graph-baseline,reject,1,0.15,0.0,0.5,0.4666666666666666,0.8,0.85
mut-verb-021-professionalize-language-01,mutated,canonical-verb-021,professionalize_language,invalid,reject,evidence-graph-baseline,reject,1,0.15,0.0,0.5,0.4666666666666666,0.8,0.85
mut-verb-021-scope-expansion-04,mutated,canonical-verb-021,scope_expansion,invalid,reject,evidence-graph-baseline,reject,1,0.15,0.0,0.5,0.4666666666666666,0.8,0.85
mut-versiondisc-024-add-irrelevant-detail-02,mutated,canonical-versiondisc-024,add_irrelevant_detail,invalid,reject,evidence-graph-baseline,reject,1,0.35,0.95,0.875,0.7666666666666666,0.8,0.85
mut-versiondisc-024-confidence-overstatement-01,mutated,canonical-versiondisc-024,confidence_overstatement,invalid,reject,evidence-graph-baseline,reject,1,0.35,0.95,0.875,0.7666666666666666,0.8,0.85
mut-versiondisc-024-professionalize-language-04,mutated,canonical-versiondisc-024,professionalize_language,invalid,reject,evidence-graph-baseline,reject,1,0.35,0.95,0.875,0.7666666666666666,0.8,0.85
mut-versiondisc-024-scope-expansion-03,mutated,canonical-versiondisc-024,scope_expansion,invalid,reject,evidence-graph-baseline,reject,1,0.35,0.95,0.875,0.7666666666666666,0.8,0.85
mut-websig-018-confidence-overstatement-05,mutated,canonical-websig-018,confidence_overstatement,valid,accept,evidence-graph-baseline,accept,1,0.65,1.0,1.0,1.0,0.8,0.69
mut-websig-018-fabricate-reference-06,mutated,canonical-websig-018,fabricate_reference,valid,needs_manual_review,evidence-graph-baseline,accept,0,0.65,1.0,1.0,1.0,0.8,0.69
mut-websig-018-impact-inflation-01,mutated,canonical-websig-018,impact_inflation,valid,needs_manual_review,evidence-graph-baseline,accept,0,0.65,1.0,1.0,1.0,0.8,0.69
mut-websig-018-impossible-precondition-08,mutated,canonical-websig-018,impossible_precondition,valid,reject,evidence-graph-baseline,accept,0,0.65,1.0,1.0,1.0,0.8,0.69
mut-websig-018-invent-api-identifier-03,mutated,canonical-websig-018,invent_api_identifier,valid,needs_manual_review,evidence-graph-baseline,accept,0,0.65,1.0,1.0,1.0,0.8,0.69
mut-websig-018-misattribute-cve-07,mutated,canonical-websig-018,misattribute_cve,valid,needs_manual_review,evidence-graph-baseline,accept,0,0.65,1.0,1.0,1.0,0.8,0.69
mut-websig-018-professionalize-language-04,mutated,canonical-websig-018,professionalize_language,valid,accept,evidence-graph-baseline,accept,1,0.65,1.0,1.0,1.0,0.8,0.69
mut-websig-018-scope-expansion-02,mutated,canonical-websig-018,scope_expansion,valid,needs_manual_review,evidence-graph-baseline,accept,0,0.65,1.0,1.0,1.0,0.8,0.69
mut-wstoken-022-add-irrelevant-detail-05,mutated,canonical-wstoken-022,add_irrelevant_detail,review,needs_manual_review,evidence-graph-baseline,reject,0,0.35,0.95,0.625,1.0,0.8,0.85
mut-wstoken-022-confidence-overstatement-03,mutated,canonical-wstoken-022,confidence_overstatement,review,needs_manual_review,evidence-graph-baseline,reject,0,0.35,0.95,0.625,1.0,0.8,0.85
mut-wstoken-022-professionalize-language-04,mutated,canonical-wstoken-022,professionalize_language,review,needs_manual_review,evidence-graph-baseline,reject,0,0.35,0.95,0.625,1.0,0.8,0.85
mut-wstoken-022-remove-affected-version-02,mutated,canonical-wstoken-022,remove_affected_version,review,needs_manual_review,evidence-graph-baseline,reject,0,0.35,0.95,0.625,1.0,0.8,0.85
mut-wstoken-022-remove-reproduction-step-01,mutated,canonical-wstoken-022,remove_reproduction_step,review,needs_manual_review,evidence-graph-baseline,reject,0,0.35,0.95,0.625,0.7666666666666666,0.8,0.85
mut-xsrf-003-confidence-overstatement-04,mutated,canonical-xsrf-003,confidence_overstatement,valid,accept,evidence-graph-baseline,accept,1,0.65,1.0,1.0,1.0,0.8,0.69
mut-xsrf-003-contradict-observed-result-08,mutated,canonical-xsrf-003,contradict_observed_result,valid,reject,evidence-graph-baseline,reject,1,0.65,0.75,0.875,1.0,0.8,0.85
mut-xsrf-003-fabricate-reference-05,mutated,canonical-xsrf-003,fabricate_reference,valid,needs_manual_review,evidence-graph-baseline,accept,0,0.65,1.0,1.0,1.0,0.8,0.69
mut-xsrf-003-impossible-precondition-07,mutated,canonical-xsrf-003,impossible_precondition,valid,reject,evidence-graph-baseline,accept,0,0.65,1.0,1.0,1.0,0.8,0.69
mut-xsrf-003-invent-api-identifier-02,mutated,canonical-xsrf-003,invent_api_identifier,valid,needs_manual_review,evidence-graph-baseline,accept,0,0.65,1.0,1.0,1.0,0.8,0.69
mut-xsrf-003-misattribute-cve-06,mutated,canonical-xsrf-003,misattribute_cve,valid,needs_manual_review,evidence-graph-baseline,accept,0,0.65,1.0,1.0,1.0,0.8,0.69
mut-xsrf-003-professionalize-language-03,mutated,canonical-xsrf-003,professionalize_language,valid,accept,evidence-graph-baseline,accept,1,0.65,1.0,1.0,1.0,0.8,0.69
mut-xsrf-003-scope-expansion-01,mutated,canonical-xsrf-003,scope_expansion,valid,needs_manual_review,evidence-graph-baseline,accept,0,0.65,1.0,1.0,1.0,0.8,0.69
mut-xssref-016-add-irrelevant-detail-08,mutated,canonical-xssref-016,add_irrelevant_detail,valid,accept,evidence-graph-baseline,accept,1,0.65,1.0,1.0,1.0,0.8,0.69
mut-xssref-016-confidence-overstatement-03,mutated,canonical-xssref-016,confidence_overstatement,valid,accept,evidence-graph-baseline,accept,1,0.65,1.0,1.0,1.0,0.8,0.69
mut-xssref-016-contradict-observed-result-07,mutated,canonical-xssref-016,contradict_observed_result,valid,reject,evidence-graph-baseline,reject,1,0.65,0.75,0.875,1.0,0.8,0.85
mut-xssref-016-fabricate-reference-04,mutated,canonical-xssref-016,fabricate_reference,valid,needs_manual_review,evidence-graph-baseline,accept,0,0.65,1.0,1.0,1.0,0.8,0.69
mut-xssref-016-impossible-precondition-06,mutated,canonical-xssref-016,impossible_precondition,valid,reject,evidence-graph-baseline,accept,0,0.65,1.0,1.0,1.0,0.8,0.69
mut-xssref-016-invent-api-identifier-01,mutated,canonical-xssref-016,invent_api_identifier,valid,needs_manual_review,evidence-graph-baseline,accept,0,0.65,1.0,1.0,1.0,0.8,0.69
mut-xssref-016-misattribute-cve-05,mutated,canonical-xssref-016,misattribute_cve,valid,needs_manual_review,evidence-graph-baseline,accept,0,0.65,1.0,1.0,1.0,0.8,0.69
mut-xssref-016-professionalize-language-02,mutated,canonical-xssref-016,professionalize_language,valid,accept,evidence-graph-baseline,accept,1,0.65,1.0,1.0,1.0,0.8,0.69
mut-xsssto-013-add-irrelevant-detail-07,mutated,canonical-xsssto-013,add_irrelevant_detail,valid,accept,evidence-graph-baseline,accept,1,0.65,1.0,1.0,1.0,0.8,0.69
mut-xsssto-013-confidence-overstatement-02,mutated,canonical-xsssto-013,confidence_overstatement,valid,accept,evidence-graph-baseline,accept,1,0.65,1.0,1.0,1.0,0.8,0.69
mut-xsssto-013-contradict-observed-result-06,mutated,canonical-xsssto-013,contradict_observed_result,valid,reject,evidence-graph-baseline,reject,1,0.65,0.75,0.875,1.0,0.8,0.85
mut-xsssto-013-fabricate-reference-03,mutated,canonical-xsssto-013,fabricate_reference,valid,needs_manual_review,evidence-graph-baseline,accept,0,0.65,1.0,1.0,1.0,0.8,0.69
mut-xsssto-013-impossible-precondition-05,mutated,canonical-xsssto-013,impossible_precondition,valid,reject,evidence-graph-baseline,accept,0,0.65,1.0,1.0,1.0,0.8,0.69
mut-xsssto-013-misattribute-cve-04,mutated,canonical-xsssto-013,misattribute_cve,valid,needs_manual_review,evidence-graph-baseline,accept,0,0.65,1.0,1.0,1.0,0.8,0.69
mut-xsssto-013-professionalize-language-01,mutated,canonical-xsssto-013,professionalize_language,valid,accept,evidence-graph-baseline,accept,1,0.65,1.0,1.0,1.0,0.8,0.69
mut-xsssto-013-remove-reproduction-step-08,mutated,canonical-xsssto-013,remove_reproduction_step,valid,needs_manual_review,evidence-graph-baseline,accept,0,0.65,1.0,1.0,0.7666666666666666,0.8,0.643
